Hochgeladen?,URL,Framework,ACCOUNT,VIEWS,LIKES,COMMENTS,SHARES,SAVES,PLATTFORM
TRUE,https://www.instagram.com/greator/reel/CiiI0UMIjr1/,Framework,Greator,6.400.000,200.000,1.299,,,
TRUE,https://www.tiktok.com/@mrtiefschlaf/video/7265345413144644897,Beliefbreaker Headline - Metapher - Wissen - Loop,Chris Surel,3.700.000,264.700,1.932,,89.700,
TRUE,https://www.tiktok.com/@mrtiefschlaf/video/7303211486984424736,Relatable Topic - Erklärung (Wissenschaftlich) - Auflösung,Chris Surel,3.200.000,141.000,190,,28.300,
TRUE,https://www.instagram.com/greator/reel/Cgw97yOM_SC/,Hook - Story - Auflösung,Greator,2.700.000,86.000,585,,,
TRUE,https://www.instagram.com/greator/reel/Ci-RMhWovGH/,,Greator,2.700.000,44.400,336,,,
TRUE,https://www.instagram.com/greator/reel/DB89FgoBUx_/,,Greator,2.200.000,19.252,1.155,,,
TRUE,https://www.instagram.com/greator/reel/DB89FgoBUx_/,,Greator,2.200.000,19.500,1.155,,,
TRUE,https://www.instagram.com/greator/reel/CgPkkHQrhTU/,,Greator,2.000.000,28.300,189,,,
TRUE,https://www.instagram.com/greator/reel/CfraPUcJidT/,,Greator,1.900.000,33.300,343,,,
TRUE,https://youtube.com/shorts/UGlYMvI6N7k,,Robert Marc Lehmann,1.808.449,62.009,828,,,
TRUE,https://www.instagram.com/greator/reel/DBZCEo3P02g/,,Greator,1.800.000,30.600,879,,,
TRUE,https://www.instagram.com/greator/reel/DA0MN4xPLUi/,,Greator,1.700.000,29.300,183,,,
TRUE,https://www.instagram.com/greator/reel/Chm7Pk_DESB/,,Greator,1.700.000,30.100,345,,,
TRUE,https://youtube.com/shorts/hOotD79Y48Y,,Robert Marc Lehmann,1.650.743,100.713,3.268,,,
TRUE,https://www.facebook.com/reel/1206050496776924,,Greator,1.600.000,31.300,611,7.400,,
TRUE,https://www.instagram.com/meetyourmaster.de/reel/C639f5QOj26/,,Meet Your Master,1.600.000,47.100,146,,,
TRUE,https://www.tiktok.com/@fuat_marta/video/7263861096866385185,,Fuat & Marta,1.600.000,54.800,1.231,7.036,8.185,
TRUE,https://www.tiktok.com/@fuat_marta/video/7256439261560392987,,Fuat & Marta,1.600.000,46.600,891,6.432,8.292,
TRUE,https://www.tiktok.com/@greator/video/7119532196611755270,,Greator,1.500.000,60.900,592,4,7.329,
TRUE,https://youtube.com/shorts/n9qryXZIuV0,,Greator,1.464.489,28.603,755,,,
TRUE,https://youtube.com/shorts/xuGkwehx1fI,,Greator,1.455.333,38.707,187,,,
TRUE,https://www.instagram.com/greator/reel/Cik2PTivhZY/,,Greator,1.400.000,23.400,114,,,
TRUE,https://www.tiktok.com/@fuat_marta/video/7258294780784823578,,Fuat & Marta,1.400.000,44.900,188,922,8.281,
TRUE,https://www.youtube.com/shorts/Xansy0z5Whk,,Felix Thönnessen,1.400.000,33.000,917,,,
TRUE,https://www.tiktok.com/@greator/video/7211568920476667141,,Greator,1.300.000,69.700,417,11,27.300,
TRUE,https://www.facebook.com/reel/1213005876339969,,Meet Your Master,1.300.000,8.900,272,770,,
TRUE,https://www.facebook.com/reel/310903134751253,,Meet Your Master,1.300.000,9.300,140,773,,
TRUE,https://youtube.com/shorts/HbjFkB3Tv9s,,Greator,1.293.294,24.540,211,,,
TRUE,https://www.facebook.com/reel/1210281673719975,,Johannes Hartl,1.200.000,6.350,586,4.000,,
TRUE,https://www.instagram.com/greator/reel/Ch13ISAsz8j/,,Greator,1.200.000,50.500,264,,,
TRUE,https://www.instagram.com/greator/reel/CgHvJ3gvQxz/,,Greator,1.200.000,10.900,132,,,
TRUE,https://www.tiktok.com/@greator/video/6800753806792461573,,Greator,1.200.000,169.500,1,11,24.500,
TRUE,https://www.facebook.com/reel/367437076259160,,Meet Your Master,1.200.000,7.626,103,534,,
TRUE,https://www.instagram.com/greator/reel/C-H3YPWKnPa/,,Greator,1.100.000,31.200,383,,,
TRUE,https://www.instagram.com/greator/reel/C7JSSDdLCHK/,,Greator,1.100.000,22.700,408,,,
TRUE,https://www.facebook.com/reel/1574076046709227,,Meet Your Master,1.100.000,3.770,87,56,,
TRUE,https://www.instagram.com/gereonjoern/reel/C7MgaJ3SU12/,,Gereon Jörn,1.100.000,12.200,378,,,
TRUE,https://www.tiktok.com/@fuat_marta/video/7268314110452845856,,Fuat & Marta,1.100.000,38.500,233,1.931,8.940,
TRUE,https://youtube.com/shorts/WrdNy9kuh8I,,Greator,1.073.906,27.977,215,,,
TRUE,https://youtube.com/shorts/RGUewU8HPGM,,Greator,1.055.759,32.085,423,,,
TRUE,https://youtube.com/shorts/M0JWarDKOu0,,Greator,1.051.050,38.408,315,,,
TRUE,https://youtube.com/shorts/cHvHgbLLJ04,,Robert Marc Lehmann,1.023.148,26.222,451,,,
TRUE,https://www.instagram.com/greator/reel/CkL0FPIsQVj/,,Greator,1.000.000,1.936,65,,,
TRUE,https://www.tiktok.com/@greator/video/7110866640086011141,,Greator,1.000.000,35.400,223,4,3.951,
TRUE,https://www.facebook.com/reel/24414431578203746,,Greator,1.000.000,7.232,220,278,,
TRUE,https://www.tiktok.com/@fuat_marta/video/7263119155086363936,,Fuat & Marta,1.000.000,30.900,819,5.060,6.417,
TRUE,https://www.tiktok.com/@fuat_marta/video/7242709115393281286,,Fuat & Marta,1.000.000,52.400,217,4.624,13.700,
TRUE,https://www.facebook.com/reel/1486123812024700,,Fuat & Marta,1.000.000,7.764,200,1.721,,
TRUE,https://www.facebook.com/reel/2539907619511117,,Fuat & Marta,1.000.000,7.884,848,1.117,,
TRUE,https://www.instagram.com/fuat_marta/reel/DAliguRKUMp/,,Fuat & Marta,1.000.000,15.400,209,,,
TRUE,https://www.tiktok.com/@greator/video/7237514062077168902,,Greator,993.500,66.400,870,20,16.500,
TRUE,https://www.instagram.com/fuat_marta/reel/C-VWTqKMjq4/,,Fuat & Marta,992.000,44.700,298,,,
TRUE,https://www.tiktok.com/@fuat_marta/video/7279075610989792545,,Fuat & Marta,989.200,50.300,954,999,8.728,
TRUE,https://www.tiktok.com/@greator/video/7121388014915374342,,Greator,986.600,53.600,264,4,6.077,
TRUE,https://www.tiktok.com/@fuat_marta/video/7265345434023939360,,Fuat & Marta,977.300,35.300,663,5.227,8.758,
TRUE,https://www.tiktok.com/@fuat_marta/video/7256068282967477530,,Fuat & Marta,976.500,27.900,260,2.484,5.461,
TRUE,https://www.instagram.com/greator/reel/Cf9coZmO1sx/,,Greator,964.000,11.100,105,,,
TRUE,https://www.instagram.com/greator/reel/DBEcXPwpvie/,,Greator,937.000,17.800,650,,,
TRUE,https://www.instagram.com/greator/reel/C7J7gSVIovm/,,Greator,935.000,25.800,193,,,
TRUE,https://youtube.com/shorts/uM421huTTuM,,Greator,927.853,16.923,109,,,
TRUE,https://youtube.com/shorts/8qUkArrz9Zg,,Greator,927.171,30.637,355,,,
TRUE,https://www.instagram.com/greator/reel/DCWKGWPNmO4/,,Greator,922.000,26.500,525,,,
TRUE,https://www.tiktok.com/@greator/video/7259408191467851035,,Greator,919.800,24.000,617,4,3.640,
TRUE,https://www.instagram.com/greator/reel/ChIJtD4uNSv/,,Greator,901.000,15.900,93,,,
TRUE,https://www.tiktok.com/@mrtiefschlaf/video/7307678702219840800,,Chris Surel,896.000,19.100,56,,3.306,
TRUE,https://youtube.com/shorts/I4xFCz1_7HA,,Greator,895.387,31.046,168,,,
TRUE,https://www.tiktok.com/@fuat_marta/video/7400049481661697313,,Fuat & Marta,885.000,48.100,240,3.990,11.300,
TRUE,https://youtube.com/shorts/-aeRAtbGzwo,,Greator,884.868,21.068,439,,,
TRUE,https://youtube.com/shorts/4jzFvglsexg,,Robert Marc Lehmann,873.826,36.659,1.170,,,
TRUE,https://youtube.com/shorts/M5VytOFGBfI,,Robert Marc Lehmann,869.987,46.156,668,,,
TRUE,https://www.tiktok.com/@rafaelbettencourt2/video/7272767156582927649,,Rafael Bettencourt,863.200,35.500,403,1.826,6.503,
TRUE,https://www.tiktok.com/@greator/video/7149577444020833541,,Greator,861.100,63.700,145,392,6.195,
TRUE,https://www.facebook.com/reel/1347740822482360,,Fuat & Marta,859.000,13.160,344,4.552,,
TRUE,https://www.instagram.com/greator/reel/DAG7Jb5MhMI/,,Greator,852.000,15.300,112,,,
TRUE,https://www.instagram.com/meetyourmaster.de/reel/C0ZnQYvtrUw/,,Meet Your Master,851.000,19.800,3.815,,,
TRUE,https://youtube.com/shorts/8hVLqpkn2_4,,Robert Marc Lehmann,848.356,22.779,466,,,
TRUE,https://www.tiktok.com/@fuat_marta/video/7253841672793050374,,Fuat & Marta,841.000,33.400,496,3.833,6.777,
TRUE,https://www.instagram.com/greator/reel/CghdMmMPv0s/,,Greator,839.000,7.882,99,,,
TRUE,https://www.tiktok.com/@mrtiefschlaf/video/7263891978025258272,,Chris Surel,833.000,59.800,1.432,,10.500,
TRUE,https://www.instagram.com/reel/CoKzilIgyi1/,,Leander Greitemann,823.000,42.000,318,,,
TRUE,https://www.tiktok.com/@fuat_marta/video/7262763276306631968,,Fuat & Marta,818.000,48.800,337,3.796,9.561,
TRUE,https://www.facebook.com/reel/3138369416304672,,Fuat & Marta,815.000,7.300,169,924,,
TRUE,https://www.tiktok.com/@fuat_marta/video/7420829375441947936,,Fuat & Marta,808.400,18.000,255,5.415,12.600,
TRUE,https://youtube.com/shorts/JjPIEliM_To,,Robert Marc Lehmann,796.783,27.007,746,,,
TRUE,https://www.tiktok.com/@finanzfluss_official/video/7423791999188225313,,Finanzfluss,784.800,14.300,317,,,
TRUE,https://www.instagram.com/greator/reel/C7hGvhnoYuK/,,Greator,780.000,21.200,123,,,
TRUE,https://www.facebook.com/reel/1109703254112207,,Fuat & Marta,780.000,3.435,161,481,,
TRUE,https://www.instagram.com/greator/reel/CjnwIoVIx3t/,,Greator,770.000,11.600,159,,,
TRUE,https://www.instagram.com/greator/reel/CixrGGjveDy/,,Greator,770.000,25.000,101,,,
TRUE,https://www.facebook.com/reel/1509008373295907,,Gereon Jörn,764.000,4.500,373,2.530,,
TRUE,https://youtube.com/shorts/em7Mt2XfkPM,,Greator,756.483,27.432,453,,,
TRUE,https://www.tiktok.com/@mrtiefschlaf/video/7273138236573191456,,Chris Surel,744.900,35.300,40,,3.289,
TRUE,https://www.facebook.com/reel/311940584674649,,Greator,744.000,8.675,264,1.682,,
TRUE,https://www.tiktok.com/@fuat_marta/video/7399307594256370977,,Fuat & Marta,742.100,18.000,243,3.675,6.036,
TRUE,https://www.facebook.com/reel/1191992225284233,,Matthias Langwasser,733.431,5.013,860,1.631,,FB
TRUE,https://www.tiktok.com/@meetyourmaster.de/video/7326589964089593121,,Meet Your Master,728.500,18.600,85,,,
TRUE,https://www.tiktok.com/@matthias.langwasser/video/7399688157538700577,,Matthias Langwasser,722.000,11.400,1.011,,6.945,TikTok
TRUE,https://youtube.com/shorts/zyelQVQwUD4,,Greator,703.584,15.373,115,,,
TRUE,https://www.facebook.com/reel/719426906311214,,Meet Your Master,703.000,9.700,82,324,,
TRUE,https://www.tiktok.com/@greator/video/7224456643038203141,,Greator,697.500,25.900,195,5,5.814,
TRUE,https://www.instagram.com/greator/reel/DAfjy6rOV7I/,,Greator,693.000,15.200,405,,,
TRUE,https://youtube.com/shorts/HetXmX5Pruc,,Robert Marc Lehmann,686.120,30.656,824,,,
TRUE,https://youtube.com/shorts/Vw-jOv3WzGg,,Robert Marc Lehmann,684.330,23.902,418,,,
TRUE,https://www.tiktok.com/@rafaelbettencourt2/video/7167403967272520966,,Rafael Bettencourt,682.200,75.400,3.190,4.183,13.000,
TRUE,https://www.facebook.com/reel/685508660104336,,Fuat & Marta,678.000,3.114,56,134,,
TRUE,https://www.instagram.com/fuat_marta/reel/C7zINVdOYK-/,,Fuat & Marta,673.000,11.100,162,,,
TRUE,https://youtube.com/shorts/Y75Ajyb3Qio,,Meet Your Master,672.137,7.831,136,,,
TRUE,https://www.tiktok.com/@fuat_marta/video/7341804443316260128,,Fuat & Marta,670.000,37.500,524,3.146,9.213,
TRUE,https://www.instagram.com/greator/reel/ChXqLDbut20/,,Greator,652.000,8.481,68,,,
TRUE,https://www.instagram.com/greator/reel/ChAax1zD9jW/,,Greator,646.000,12.000,134,,,
TRUE,https://www.instagram.com/greator/reel/C_naAHStcOH/,,Greator,645.000,18.300,407,,,
TRUE,https://www.tiktok.com/@matthias.langwasser/video/7421943678274391328,,Matthias Langwasser,640.600,20.200,732,,9.664,TikTok
TRUE,https://www.tiktok.com/@greator/video/7147694519608151322,,Greator,638.100,34.300,130,4,5.525,
TRUE,https://youtube.com/shorts/84Isl8oOTGw,,Greator,632.402,14.879,456,,,
TRUE,https://www.facebook.com/reel/314088451294386,,Meet Your Master,632.000,5.100,89,,,
TRUE,https://www.instagram.com/greator/reel/C_LeHCYBIF7/,,Greator,622.000,11.400,112,,,
TRUE,https://www.instagram.com/greator/reel/DAnUPPzsf7m/,,Greator,619.000,14.500,192,,,
TRUE,https://www.tiktok.com/@greator/video/7315079046344264992,,Greator,617.900,10.900,115,287,1.834,
TRUE,https://youtube.com/shorts/I_qBkztAyRM,,Robert Marc Lehmann,616.415,40.269,552,,,
TRUE,https://www.tiktok.com/@greator/video/7165176975454211334,,Greator,615.500,26.900,350,837,5.463,
TRUE,https://www.tiktok.com/@meetyourmaster.de/video/7335124925352545568,,Meet Your Master,605.000,36.500,103,,,
TRUE,https://youtube.com/shorts/hpyoI09kUko,,Greator,598.650,7.272,150,,,
TRUE,https://www.tiktok.com/@greator/video/6877613565088402690,,Greator,590.100,53.900,427,2,5.509,
TRUE,https://www.instagram.com/greator/reel/CjLWPFHIdnN/,,Greator,590.000,30.000,123,,,
TRUE,https://youtube.com/shorts/B2i4Ss7MmGU,,Meet Your Master,588.658,17.122,152,,,
TRUE,https://www.instagram.com/greator/reel/Cge5pNBPV_8/,,Greator,583.000,13.200,98,,,
TRUE,https://www.instagram.com/greator/reel/C9Fho73q4Sz/,,Greator,582.000,5.112,438,,,
TRUE,https://www.tiktok.com/@fuat_marta/video/7385578505439825185,,Fuat & Marta,581.600,42.800,1.770,14.500,8.814,
TRUE,https://www.tiktok.com/@greator/video/7137269047313321222,,Greator,571.500,80.000,298,3,20.400,
TRUE,https://www.instagram.com/fuat_marta/reel/C-QM-26v7mv/,,Fuat & Marta,570.000,9.181,151,,,
TRUE,https://www.tiktok.com/@rafaelbettencourt2/video/7247162185426816262,,Rafael Bettencourt,569.100,38.400,3.925,3.730,5.164,
TRUE,https://www.instagram.com/reel/DAptY9Dtd6J/,,Greator,552.000,23.400,,,,
TRUE,https://www.instagram.com/fuat_marta/reel/C8w789Bt16J/,,Fuat & Marta,552.000,23.400,924,,,
TRUE,https://www.tiktok.com/@greator/video/7257135122305043738,,Greator,548.600,16.600,99,1,2.968,
TRUE,https://www.instagram.com/fuat_marta/reel/C97l2BrNcce/,,Fuat & Marta,543.000,11.400,142,,,
TRUE,https://www.facebook.com/reel/970224884243108,,Greator,542.000,7.525,402,1.303,,
TRUE,https://youtube.com/shorts/29sErU_wn-k,,Greator,541.895,13.886,149,,,
TRUE,https://www.tiktok.com/@greator/video/7127329570625162501,,Greator,539.200,27.300,216,2,5.665,
TRUE,https://www.instagram.com/fuat_marta/reel/DAoGQE1PiLy/,,Fuat & Marta,534.000,6.967,64,,,
TRUE,https://www.instagram.com/greator/reel/ChXSfGKJ8NE/,,Greator,524.000,5.173,80,,,
TRUE,https://www.facebook.com/reel/1558626444920922,,Greator,524.000,13.826,547,8.200,,
TRUE,https://www.tiktok.com/@fuat_marta/video/7260892374723874074,,Fuat & Marta,521.700,17.800,146,824,4.570,
TRUE,https://www.instagram.com/greator/reel/ChkeINNoXpF/,,Greator,516.000,8.142,359,,,
TRUE,https://www.instagram.com/meetyourmaster.de/reel/C7t_NJgCY51/,,Meet Your Master,510.000,3.589,52,,,
TRUE,https://www.facebook.com/reel/365427839574066,,Meet Your Master,509.000,4.100,64,306,,
TRUE,https://www.instagram.com/greator/reel/DBqZfoviA6c/,,Greator,508.000,9.436,112,,,
TRUE,https://www.facebook.com/reel/1192677521826656,,Fuat & Marta,506.000,2.100,114,287,,
TRUE,https://www.instagram.com/greator/reel/Cll-vCGOmQm/,,Greator,500.000,11.900,234,,,
TRUE,https://youtube.com/shorts/QoZnnr8AOYE,,Greator,498.061,11.616,305,,,
TRUE,https://youtube.com/shorts/7N2xKcEob9E,,Greator,497.495,23.453,303,,,
TRUE,https://youtube.com/shorts/3iPgJM8_DRc,,Greator,495.301,13.452,129,,,
TRUE,https://www.tiktok.com/@greator/video/7145875405071731974,,Greator,492.800,24.600,86,935,4.047,
TRUE,https://www.tiktok.com/@fuat_marta/video/7376670963829722401,,Fuat & Marta,489.900,13.400,223,1.630,2.858,
TRUE,https://youtube.com/shorts/GdjDLVtqddE,,Greator,486.897,12.933,123,,,
TRUE,https://www.tiktok.com/@greator/video/7135495525008215302,,Greator,486.500,31.100,220,515,2.765,
TRUE,https://www.facebook.com/reel/931123472131616,,Meet Your Master,484.000,2.300,199,27,,
TRUE,https://www.tiktok.com/@greator/video/7144027969348996358,,Greator,483.900,32.700,69,2,3.233,
TRUE,https://youtube.com/shorts/9ZhRR4dujDI,,Greator,482.855,14.713,439,,,
TRUE,https://www.tiktok.com/@fuat_marta/video/7421198119875972385,,Fuat & Marta,482.500,11.000,98,5.324,7.968,
TRUE,https://www.tiktok.com/@greator/video/7306922451470994720,,Greator,482.300,14.400,245,606,3.743,
TRUE,https://www.facebook.com/reel/526308080019534,,Fuat & Marta,473.000,2.551,40,341,,
TRUE,https://www.instagram.com/gereonjoern/reel/C79b7GdqTrp/,,Gereon Jörn,472.000,5.039,53,,,
TRUE,https://www.tiktok.com/@greator/video/7112732528506703110,,Greator,460.200,9.117,135,862,1.494,
TRUE,https://www.tiktok.com/@fuat_marta/video/7425652962137066785,,Fuat & Marta,458.500,27.000,1.287,8.343,5.150,
TRUE,https://youtube.com/shorts/21sCK1NIILk,,Meet Your Master,456.766,6.658,179,,,
TRUE,https://www.instagram.com/greator/reel/ChSb_ELPrS9/,,Greator,452.000,8.725,180,,,
TRUE,https://www.facebook.com/reel/1066013071394581,,Meet Your Master,451.000,3.377,216,330,,
TRUE,https://www.facebook.com/reel/416539580819589,,Fuat & Marta,450.000,3.870,152,228,,
TRUE,https://youtube.com/shorts/Kf4tI7X5vdM,,Greator,445.611,12.524,596,,,
TRUE,https://www.tiktok.com/@greator/video/7193014600101645574,,Greator,444.700,12.400,152,986,1.833,
TRUE,https://www.youtube.com/shorts/xiFadh_M4Y8,,Lea Ernst,444.000,3.406,111,,,Shorts
TRUE,https://www.instagram.com/greator/reel/CiQEo7cNcls/,,Greator,442.000,9.810,78,,,
TRUE,https://youtube.com/shorts/v2HouVb7Bj8,,Greator,437.512,14.192,124,,,
TRUE,https://youtube.com/shorts/sfkLHSeoL2E,,Greator,436.773,6.763,115,,,
TRUE,https://www.instagram.com/reel/C_ldfXDstgf/,,Finanzfluss,435.275,4.272,27,2,,
TRUE,https://www.instagram.com/greator/reel/ChC7buusXP8/,,Greator,435.000,5.980,108,,,
TRUE,https://www.facebook.com/reel/1456520108391648,,Fuat & Marta,434.000,3.200,86,936,,
TRUE,https://www.instagram.com/greator/reel/C92czVfMLl-/,,Greator,419.000,15.200,132,,,
TRUE,https://www.tiktok.com/@greator/video/7380383550178135328,,Greator,413.400,11.200,430,3,2.677,
TRUE,https://youtube.com/shorts/9WQMDWHLNS4,,Greator,413.092,10.992,187,,,
TRUE,https://www.facebook.com/reel/6319087088126356,,Fuat & Marta,412.000,5.773,212,1.820,,
TRUE,https://www.tiktok.com/@greator/video/7135804410847956230,,Greator,411.500,17.200,92,2,1.324,
TRUE,https://www.instagram.com/greator/reel/CisOay3IW8j/,,Greator,405.000,8.656,76,,,
TRUE,https://www.tiktok.com/@mrtiefschlaf/video/7269798403373026593,,Chris Surel,397.000,9.994,667,,2.198,
TRUE,https://www.tiktok.com/@greator/video/6856307221098269958,,Greator,395.400,31.200,240,1,2.248,
TRUE,https://www.tiktok.com/@rafaelbettencourt2/video/7280559919454047520,,Rafael Bettencourt,394.600,12.700,138,2.021,10.400,
TRUE,https://www.tiktok.com/@meetyourmaster.de/video/7294661149834906913,,Meet Your Master,394.500,18.300,118,,,
TRUE,https://www.instagram.com/greator/reel/Ci2gtUFIs8u/,,Greator,394.000,10.400,49,,,
TRUE,https://www.instagram.com/reel/DAB02_3oo9U/,,Finanzfluss,392.703,3.657,63,16,,
TRUE,https://www.facebook.com/reel/513512301550178,,Fuat & Marta,391.000,1.846,48,151,,
TRUE,https://www.tiktok.com/@fuat_marta/video/7251646135205399835,,Fuat & Marta,390.200,23.800,340,2.150,5.426,
TRUE,https://www.tiktok.com/@fuat_marta/video/7262376643749072161,,Fuat & Marta,389.500,25.400,245,2.663,9.318,
TRUE,https://youtube.com/shorts/-kTJahQ3olo,,Greator,387.854,4.292,86,,,
TRUE,https://www.instagram.com/greator/reel/CiNgfFfOuvt/,,Greator,387.000,8.365,52,,,
TRUE,https://www.tiktok.com/@greator/video/6862312045883215110,,Greator,385.500,15.500,223,2,1.170,
TRUE,https://www.instagram.com/reel/DCZf3nFC88e/,,Finanzfluss,384.117,3.430,74,28,,
TRUE,https://www.instagram.com/greator/reel/CpQTpjNIkho/,,Greator,384.000,13.400,189,,,
TRUE,https://www.instagram.com/greator/reel/CiaZUFuNM_i/,,Greator,382.000,8.174,52,,,
TRUE,https://www.facebook.com/reel/1528485411343622,,Meet Your Master,380.000,1.065,28,70,,
TRUE,https://www.facebook.com/reel/154782514340144,,Meet Your Master,380.000,7.384,101,213,,
TRUE,https://www.instagram.com/greator/reel/CmJ5T97oov2/,,Greator,379.000,7.820,50,,,
TRUE,https://youtube.com/shorts/--Y5KuP7zlc,,Greator,377.173,15.126,152,,,
TRUE,https://youtube.com/shorts/4as7pESwXD4,,Finanzfluss,377.132,7.643,212,,,
TRUE,https://youtube.com/shorts/hMOIoeW0Om4,,Greator,374.477,6.613,245,,,
TRUE,https://www.instagram.com/reel/C_JFxv8sgNg/,,Finanzfluss,374.042,5.247,35,12,,
TRUE,https://www.instagram.com/greator/reel/C0PALOMIgGn/,,Greator,374.000,5.937,89,,,
TRUE,https://youtube.com/shorts/uJvraOJBKKI,,Greator,373.752,10.764,414,,,
TRUE,https://www.instagram.com/greator/reel/C-2ZoWLv0LD/,,Greator,371.000,10.100,100,,,
TRUE,https://www.tiktok.com/@rafaelbettencourt2/video/7143637340441939206,,Rafael Bettencourt,369.700,20.400,126,192,7.160,
TRUE,https://www.facebook.com/reel/689405936633187,,Meet Your Master,366.000,782,89,6,,
TRUE,https://www.facebook.com/reel/683055077323451,,Meet Your Master,365.000,1.178,51,25,,
TRUE,https://www.instagram.com/greator/reel/ChNJyHtMPyW/,,Greator,364.000,3.950,136,,,
TRUE,https://www.facebook.com/reel/732321042197838,,Greator,364.000,3.340,168,114,,
TRUE,https://www.tiktok.com/@fuat_marta/video/7266087595560488225,,Fuat & Marta,363.400,12.200,81,1.468,3.557,
TRUE,https://www.instagram.com/reel/C-IeQsisOqk/,,Finanzfluss,358.633,9.668,213,12,,
TRUE,https://www.instagram.com/greator/reel/CkWOSLPpjzz/,,Greator,358.000,7.900,70,,,
TRUE,https://youtube.com/shorts/M_8WeTyVlpE,,Finanzfluss,357.255,8.170,87,,,
TRUE,https://www.instagram.com/reel/C--m68Zoyr-/,,Finanzfluss,350.548,2.155,88,3,,
TRUE,https://www.tiktok.com/@finanzfluss_official/video/7411594785376537889,,Finanzfluss,347.900,9.404,48,,,
TRUE,https://www.instagram.com/greator/reel/CfmSooXjGZF/,,Greator,346.000,5.320,51,,,
TRUE,https://www.facebook.com/reel/7136039953114999,,Greator,346.000,1.803,125,100,,
TRUE,https://www.instagram.com/greator/reel/C8hfl0-O2Im/,,Greator,345.000,4.679,205,,,
TRUE,https://www.facebook.com/reel/960474712508447,,Fuat & Marta,338.000,2.064,94,228,,
TRUE,https://www.tiktok.com/@fuat_marta/video/7218211641975147781,,Fuat & Marta,337.700,13.500,184,853,5.569,
TRUE,https://www.instagram.com/silke.schaefer.astrologie/reel/DAi-KchKn9m/,,Silke Schäfer,337.000,10.800,187,,,
TRUE,https://www.tiktok.com/@greator/video/7425282920979483936,,Greator,335.800,10.200,890,3,2.935,
TRUE,https://www.tiktok.com/@greator/video/7333269539347598624,,Greator,333.700,29.700,1,6,6.572,
TRUE,https://youtube.com/shorts/Ad_h7skixV0,,Greator,333.472,6.859,151,,,
TRUE,https://www.instagram.com/greator/reel/C0e0LQ5Nps2/,,Greator,333.000,3.286,157,,,
TRUE,https://www.facebook.com/reel/2378842495637523,,Greator,322.000,5.925,229,2.450,,
TRUE,https://www.tiktok.com/@greator/video/7231947650453605637,,Greator,321.400,7.285,221,2,3.183,
TRUE,https://youtube.com/shorts/-bbn86l3Rng,,Greator,320.627,5.919,71,,,
TRUE,https://www.instagram.com/meetyourmaster.de/reel/C92dIHjCR-0/,,Meet Your Master,320.000,4.359,287,,,
TRUE,https://www.tiktok.com/@rafaelbettencourt2/video/7244193450910829829,,Rafael Bettencourt,316.900,18.900,3.039,3.393,3.117,
TRUE,https://www.facebook.com/reel/1200218917746292,,Fuat & Marta,315.000,852,172,43,,
TRUE,https://www.tiktok.com/@fuat_marta/video/7260521204883131675,,Fuat & Marta,314.300,8.864,103,512,1.781,
TRUE,https://www.tiktok.com/@rafaelbettencourt2/video/7236400615432244486,,Rafael Bettencourt,311.100,21.400,158,1.345,8.824,
TRUE,https://www.facebook.com/reel/1737812396690056,,Meet Your Master,311.000,1.370,20,21,,
TRUE,https://www.instagram.com/greator/reel/ChpMT18LrMD/,,Greator,310.000,8.958,77,,,
TRUE,https://www.instagram.com/greator/reel/ChSQEiTNH2m/,,Greator,310.000,7.839,140,,,
TRUE,https://www.instagram.com/greator/reel/CgCk8oXMQEQ/,,Greator,309.000,3.045,41,,,
TRUE,https://www.tiktok.com/@greator/video/7271653819656834336,,Greator,308.500,2.999,329,1,861,
TRUE,https://www.tiktok.com/@fuat_marta/video/7398564210655005984,,Fuat & Marta,308.000,8.868,66,1.107,4.756,
TRUE,https://www.tiktok.com/@mrtiefschlaf/video/7271282768460385568,,Chris Surel,307.000,13.800,44,,1.233,
TRUE,https://www.tiktok.com/@greator/video/7146280329484012806,,Greator,307.000,24.700,388,3,7.064,
TRUE,https://youtube.com/shorts/jcIrlp6rOQM,,Greator,305.672,7.066,151,,,
TRUE,https://youtube.com/shorts/KoxksqCUrWU,,Finanzfluss,305.049,5.106,245,,,
TRUE,https://www.tiktok.com/@meetyourmaster.de/video/7381866616516136225,,Meet Your Master,304.400,9.981,60,,,
TRUE,https://www.tiktok.com/@greator/video/7134753040233401605,,Greator,304.200,19.100,333,2,4.215,
TRUE,https://www.facebook.com/reel/711710754135044,,Fuat & Marta,304.000,9.923,343,6.122,,
TRUE,https://www.facebook.com/reel/460869117098760,,Fuat & Marta,302.000,1.426,68,85,,
TRUE,https://www.tiktok.com/@fuat_marta/video/7272024907133881633,,Fuat & Marta,301.800,14.800,50,251,1.830,
TRUE,https://www.tiktok.com/@fuat_marta/video/7212674795660512518,,Fuat & Marta,301.700,9.164,216,1.795,2.578,
TRUE,https://www.instagram.com/meetyourmaster.de/reel/C40b184iLBU/,,Meet Your Master,301.000,6.231,189,,,
TRUE,https://www.instagram.com/reel/C__QhNbv0ES/,,Finanzfluss,299.826,2.699,30,1,,
TRUE,https://www.tiktok.com/@fuat_marta/video/7266458631661456672,,Fuat & Marta,298.000,11.300,129,1.977,3.480,
TRUE,https://youtube.com/shorts/ejwOKSRVfpM,,Finanzfluss,297.731,7.509,133,,,
TRUE,https://www.instagram.com/greator/reel/Cz9DUkHocNN/,,Greator,297.000,4.337,135,,,
TRUE,https://www.tiktok.com/@mrtiefschlaf/video/7284270792391593249,,Chris Surel,296.000,3.225,191,,651,
TRUE,https://www.tiktok.com/@greator/video/7255326077424291099,,Greator,294.500,8.744,116,553,1.688,
TRUE,https://www.instagram.com/greator/reel/Cjs7M9Io5ix/,,Greator,293.000,6.535,81,,,
TRUE,https://www.facebook.com/reel/1440137069880403,,Fuat & Marta,290.000,2.581,141,1.222,,
TRUE,https://www.tiktok.com/@finanzfluss_official/video/7400784111171947808,,Finanzfluss,288.100,7.342,80,,,
TRUE,https://www.instagram.com/greator/reel/Cg2HHhgPNzl/,,Greator,288.000,2.966,52,,,
TRUE,https://www.tiktok.com/@fuat_marta/video/7325847935877385505,,Fuat & Marta,286.500,12.400,793,2.343,2.530,
TRUE,https://www.tiktok.com/@fuat_marta/video/7270540571427622176,,Fuat & Marta,285.500,16.100,74,829,3.274,
TRUE,https://www.instagram.com/greator/reel/CjBQOS6DEin/,,Greator,285.000,6.381,118,,,
TRUE,https://www.tiktok.com/@rafaelbettencourt2/video/7168891870259580165,,Rafael Bettencourt,283.200,19.600,108,340,6.602,
TRUE,https://www.facebook.com/reel/212777491879834,,Meet Your Master,283.000,1.140,27,18,,
TRUE,https://www.tiktok.com/@greator/video/7401548991940316448,,Greator,282.700,1.745,94,466,372,
TRUE,https://www.tiktok.com/@greator/video/7125093767006244102,,Greator,280.000,7.706,128,774,1.463,
TRUE,https://youtube.com/shorts/KnCsY6V3lyY,,Greator,279.567,5.705,53,,,
TRUE,https://www.facebook.com/reel/957809092345960,,Meet Your Master,277.000,1.400,120,124,,
TRUE,https://www.instagram.com/meetyourmaster.de/reel/C7o1DcbtM3g/,,Meet Your Master,277.000,8.944,132,,,
TRUE,https://www.tiktok.com/@greator/video/7277591219377638689,,Greator,276.400,9.781,123,2,3.235,
TRUE,https://www.tiktok.com/@greator/video/7265716499778637089,,Greator,275.200,4.518,55,75,572,
TRUE,https://www.facebook.com/reel/819817529689709,,Fuat & Marta,274.000,6.397,262,4.727,,
TRUE,https://www.instagram.com/meetyourmaster.de/reel/CHX8illISgw/,,Meet Your Master,273.000,1.912,76,,,
TRUE,https://youtube.com/shorts/UuYRwg2s788,,Greator,272.182,7.674,230,,,
TRUE,https://www.tiktok.com/@greator/video/7227494673680551174,,Greator,271.000,11.400,69,1,3.930,
TRUE,https://www.tiktok.com/@fuat_marta/video/7243080200546733317,,Fuat & Marta,270.400,15.000,64,759,3.200,
TRUE,https://www.instagram.com/greator/reel/DA5VzmrsSCg/,,Greator,270.000,4.147,66,,,
TRUE,https://www.facebook.com/reel/736811105052270,,Greator,270.000,723,214,97,,
TRUE,https://www.tiktok.com/@greator/video/7365910214219959585,,Greator,268.900,8.463,317,2,1.885,
TRUE,https://www.instagram.com/reel/DAWaM1nNFUG/,,Finanzfluss,268.259,2.763,32,11,,
TRUE,https://www.instagram.com/raffabet/reel/Cmwo_7apsHW/,,Rafael Bettencourt,268.000,8.073,77,,,
TRUE,https://www.instagram.com/greator/reel/CnpUt2AqrsE/,,Greator,267.000,2.976,37,,,
TRUE,https://www.tiktok.com/@fuat_marta/video/7422314967862447393,,Fuat & Marta,266.700,6.569,93,1.710,3.652,
TRUE,https://www.tiktok.com/@fuat_marta/video/7381878760309607713,,Fuat & Marta,266.200,9.770,122,1.102,2.418,
TRUE,https://www.tiktok.com/@fuat_marta/video/7386319888844918048,,Fuat & Marta,265.600,5.430,91,1.261,1.454,
TRUE,https://youtube.com/shorts/2oVA-jw6E0E,,Finanzfluss,265.126,5.885,105,,,
TRUE,https://www.instagram.com/greator/reel/Cut9OTpqfrk/,,Greator,265.000,4.135,214,,,
TRUE,https://www.facebook.com/reel/1371053753549513,,Greator,265.000,1.900,306,119,,
TRUE,https://www.instagram.com/finanzfluss/reel/DAoXQYohERb/,,Finanzfluss,261.564,2.997,73,11,,
TRUE,https://www.instagram.com/greator/reel/Ch2T52uphmL/,,Greator,260.000,4.763,71,,,
TRUE,https://www.instagram.com/silke.schaefer.astrologie/reel/C-nXs_AJ-9E/,,Silke Schäfer,259.000,4.614,143,,,
TRUE,https://www.instagram.com/reel/DBOvUSzBIUX/,,Finanzfluss,258.494,2.594,20,6,,
TRUE,https://www.tiktok.com/@greator/video/7256021760884133147,,Greator,256.900,5.231,260,1,1.136,
TRUE,https://www.tiktok.com/@rafaelbettencourt2/video/7243080201431862534,,Rafael Bettencourt,256.800,21.000,249,2.282,4.710,
TRUE,https://www.tiktok.com/@fuat_marta/video/7264603250664525089,,Fuat & Marta,255.600,9.653,79,441,2.178,
TRUE,https://www.instagram.com/greator/reel/C0UMJjMofEU/,,Greator,255.000,4.397,76,,,
TRUE,https://www.instagram.com/greator/reel/CgkD3XQOUjQ/,,Greator,254.000,2.936,49,,,
TRUE,https://www.instagram.com/greator/reel/C1Hv2TXtsia/,,Greator,252.000,4.649,79,,,
TRUE,https://www.facebook.com/reel/979274203906786,,Meet Your Master,252.000,1.700,398,46,,
TRUE,https://www.facebook.com/reel/242349968738035,,Fuat & Marta,252.000,1.721,8,77,,
TRUE,https://youtube.com/shorts/reK2sJNo4o0,,Greator,250.874,7.093,87,,,
TRUE,https://www.facebook.com/reel/8611500085532039,,Greator,249.000,1.700,99,412,,
TRUE,https://www.tiktok.com/@greator/video/7266087567437827360,,Greator,247.000,7.356,290,2,2.449,
TRUE,https://www.instagram.com/meetyourmaster.de/reel/CnB9u8WMi9g/,,Meet Your Master,247.000,10.800,100,,,
TRUE,https://www.tiktok.com/@greator/video/7246050646917532955,,Greator,246.900,11.200,191,4,4.795,
TRUE,https://www.tiktok.com/@fuat_marta/video/7241595911296535813,,Fuat & Marta,246.500,14.200,165,881,4.017,
TRUE,https://www.tiktok.com/@greator/video/7141769905371745542,,Greator,244.200,15.500,127,1,3.785,
TRUE,https://www.instagram.com/greator/reel/C-VWdkwoPqK/,,Greator,244.000,7.271,89,,,
TRUE,https://www.instagram.com/meetyourmaster.de/reel/CyYqiIYIKSh/,,Meet Your Master,244.000,1.384,163,,,
TRUE,https://www.tiktok.com/@fuat_marta/video/7264989771473161504,,Fuat & Marta,243.900,7.420,87,656,1.831,
TRUE,https://www.tiktok.com/@fuat_marta/video/7247904323697380614,,Fuat & Marta,243.700,10.700,184,2.320,1.803,
TRUE,https://www.tiktok.com/@rafaelbettencourt2/video/7182618518561639686,,Rafael Bettencourt,241.800,18.000,109,385,7.447,
TRUE,https://www.tiktok.com/@fuat_marta/video/7252357339410484485,,Fuat & Marta,241.200,11.000,51,609,2.994,
TRUE,https://www.instagram.com/greator/reel/C-fl9rhgqHI/,,Greator,241.000,3.537,62,,,
TRUE,https://www.tiktok.com/@rafaelbettencourt2/video/7104320455145770246,,Rafael Bettencourt,239.600,13.600,213,932,5.873,
TRUE,https://www.instagram.com/meetyourmaster.de/reel/C193zSNNYzS/,,Meet Your Master,239.000,5.153,69,,,
TRUE,https://www.tiktok.com/@fuat_marta/video/7247162234567265541,,Fuat & Marta,238.900,11.700,111,566,2.486,
TRUE,https://www.tiktok.com/@greator/video/7258619452210597146,,Greator,238.000,8.986,57,2,2.204,
TRUE,https://www.facebook.com/reel/930597675791291/?s=fb_shorts_tab&stack_idx=0,,Greator,238.000,651,41,197,,
TRUE,https://www.instagram.com/reel/DA3kwBaCGyk/,,Finanzfluss,237.684,2.377,26,5,,
TRUE,https://www.instagram.com/reel/DARR-oJBo9k/,,Finanzfluss,237.142,2.657,30,2,,
TRUE,https://www.instagram.com/greator/reel/CmbzEfboxhO/,,Greator,237.000,3.527,53,,,
TRUE,https://www.facebook.com/reel/745981854062607,,Fuat & Marta,237.000,1.503,116,157,,
TRUE,https://youtube.com/shorts/P3VXY1pPfwM,,Finanzfluss,236.749,7.734,122,,,
TRUE,https://www.tiktok.com/@greator/video/7195241107247123717,,Greator,235.400,9.423,90,962,2.205,
TRUE,https://youtube.com/shorts/4Y56cyS-gk4,,Greator,235.282,7.137,120,,,
TRUE,https://www.facebook.com/reel/1615114029031764,,Greator,235.000,4.032,127,699,,
TRUE,https://www.tiktok.com/@fuat_marta/video/7419718187492674849,,Fuat & Marta,234.000,2.826,95,510,948,
TRUE,https://youtube.com/shorts/ATIcN0aZHPE,,Greator,233.659,8.204,48,,,
TRUE,https://www.instagram.com/greator/reel/CjVvPDOLNBB/,,Greator,233.000,5.573,184,,,
TRUE,https://www.instagram.com/gereonjoern/reel/C_OBVBwqIji/,,Gereon Jörn,233.000,2.206,67,,,
TRUE,https://www.instagram.com/reel/DAwKYdmPHXT/,,Finanzfluss,232.627,1.874,30,3,,
TRUE,https://www.facebook.com/reel/299283462632418,,Fuat & Marta,232.000,3.087,87,148,,
TRUE,https://www.instagram.com/fuat_marta/reel/C7ep3fkCcZl/,,Fuat & Marta,232.000,3.071,25,,,
TRUE,https://www.facebook.com/reel/276487322160027,,Meet Your Master,231.000,1.922,83,164,,
TRUE,https://www.tiktok.com/@fuat_marta/video/7253486088570883333,,Fuat & Marta,230.800,8.871,75,447,2.126,
TRUE,https://youtube.com/shorts/VcmQC9fvbQs,,Greator,229.941,5.438,204,,,
TRUE,https://www.instagram.com/greator/reel/ChVCoMqNVae/,,Greator,228.000,2.384,46,,,
TRUE,https://www.instagram.com/gereonjoern/reel/C7rZ4A_KxVH/,,Gereon Jörn,228.000,9.349,49,,,
TRUE,https://youtube.com/shorts/rExDYUAHF5A,,Greator,227.240,6.155,105,,,
TRUE,https://www.instagram.com/meetyourmaster.de/reel/C9z34MkPXuC/,,Meet Your Master,227.000,2.016,16,,,
TRUE,https://www.instagram.com/greator/reel/CzboGOToiuk/,,Greator,226.000,4.818,148,,,
TRUE,https://www.facebook.com/reel/265570246332895,,Greator,223.000,839,469,96,,
TRUE,https://www.tiktok.com/@fuat_marta/video/7373720572255046944,,Fuat & Marta,222.300,4.350,23,174,993,
TRUE,https://www.instagram.com/greator/reel/DB6nd5uNves/,,Greator,222.000,5.063,100,,,
TRUE,https://www.facebook.com/reel/477346351906346,,Meet Your Master,222.000,1.143,48,10,,
TRUE,https://www.tiktok.com/@meetyourmaster.de/video/7279446657207487777,,Meet Your Master,222.000,8.533,70,,,
TRUE,https://www.instagram.com/greator/reel/Ckyf6MquUUp/,,Greator,220.000,5.082,57,,,
TRUE,https://www.facebook.com/reel/331717166032348,,Meet Your Master,220.000,1.253,95,20,,
TRUE,https://www.tiktok.com/@greator/video/7130671273994194182,,Greator,219.900,12.100,42,272,1.608,
TRUE,https://www.tiktok.com/@fuat_marta/video/7183366372427156741,,Fuat & Marta,219.100,11.400,410,1.742,1.883,
TRUE,https://www.tiktok.com/@rafaelbettencourt2/video/7101709363596823813,,Rafael Bettencourt,219.000,14.600,176,1.203,7.634,
TRUE,https://youtube.com/shorts/bQElPKIbC4A,,Meet Your Master,218.455,4.520,103,,,
TRUE,https://www.instagram.com/greator/reel/Ci5XH0UII8T/,,Greator,218.000,5.599,51,,,
TRUE,https://www.tiktok.com/@fuat_marta/video/7267943006634872097,,Fuat & Marta,217.700,7.755,78,448,1.619,
TRUE,https://www.instagram.com/reel/DAodPQuuIF5/,,Finanzfluss,217.112,1.674,34,1,,
TRUE,https://www.instagram.com/meetyourmaster.de/reel/Cx8UEEdohHn/,,Meet Your Master,217.000,6.217,99,,,
TRUE,https://www.tiktok.com/@meetyourmaster.de/video/7328074251771186465,,Meet Your Master,216.100,5.063,43,,,
TRUE,https://www.instagram.com/greator/reel/Cg90eq-rbDZ/,,Greator,216.000,2.877,23,,,
TRUE,https://www.tiktok.com/@greator/video/7277962284910021921,,Greator,215.300,9.363,352,3,3.046,
TRUE,https://www.instagram.com/greator/reel/Cf4TA6BupfC/,,Greator,215.000,3.567,46,,,
TRUE,https://www.tiktok.com/@meetyourmaster.de/video/7355890282677816608,,Meet Your Master,213.700,4.014,85,,,
TRUE,https://www.tiktok.com/@fuat_marta/video/7326961173369212193,,Fuat & Marta,213.600,8.270,193,1.602,3.479,
TRUE,https://www.instagram.com/reel/C_3g_5FsKg0/,,Finanzfluss,213.374,1.746,48,3,,
TRUE,https://www.tiktok.com/@fuat_marta/video/7264232129779830049,,Fuat & Marta,213.200,4.574,162,348,1.078,
TRUE,https://www.tiktok.com/@fuat_marta/video/7251244118318288155,,Fuat & Marta,213.200,7.011,67,474,1.318,
TRUE,https://youtube.com/shorts/EY4Sx_QzaQQ,,Robert Marc Lehmann,212.398,9.586,122,,,
TRUE,https://www.instagram.com/greator/reel/C-nYM1iID_z/,,Greator,211.000,2.188,92,,,
TRUE,https://www.facebook.com/reel/905272980560749,,Greator,211.000,4.440,110,700,,
TRUE,https://youtube.com/shorts/9K0wlJKpOOU,,Finanzfluss,210.501,4.745,297,,,
TRUE,https://www.instagram.com/reel/DAJPPGtvxW2/,,Finanzfluss,210.081,2.182,19,1,,
TRUE,https://www.instagram.com/greator/reel/Ch43GtAJBLn/,,Greator,209.000,4.522,49,,,
TRUE,https://www.facebook.com/reel/1095088874853642,,Meet Your Master,209.000,711,46,47,,
TRUE,https://www.tiktok.com/@greator/video/7424915186491919649,,Greator,208.900,3.970,353,675,1.332,
TRUE,https://www.instagram.com/reel/C-vF0g-p81P/,,Finanzfluss,208.752,3.069,79,0,,
TRUE,https://www.tiktok.com/@mrtiefschlaf/video/7279817644751031584,,Chris Surel,208.000,21.000,64,,1.688,
TRUE,https://www.tiktok.com/@fuat_marta/video/7280946452833013024,,Fuat & Marta,207.600,5.544,148,579,2.220,
TRUE,https://www.facebook.com/reel/952203056197919,,Meet Your Master,207.000,1.400,27,79,,
TRUE,https://www.instagram.com/silke.schaefer.astrologie/reel/C66ewlniLMB/,,Silke Schäfer,207.000,4.232,58,,,
TRUE,https://www.facebook.com/reel/732833395535698,,Fuat & Marta,207.000,1.177,20,99,,
TRUE,https://www.tiktok.com/@greator/video/7142523468255350022,,Greator,206.800,10.700,71,509,1.293,
TRUE,https://www.instagram.com/reel/DBmO2bItGMA/,,Finanzfluss,206.392,2.364,29,4,,
TRUE,https://youtube.com/shorts/aEHSnvFF-sI,,Finanzfluss,206.278,4.292,51,,,
TRUE,https://www.instagram.com/meetyourmaster.de/reel/C0wMgWMtSlK/,,Meet Your Master,206.000,5.306,161,,,
TRUE,https://www.tiktok.com/@fuat_marta/video/7243451281975676165,,Fuat & Marta,205.900,8.699,59,228,2.338,
TRUE,https://www.facebook.com/reel/814570967485789,,Fuat & Marta,205.000,1.533,36,120,,
TRUE,https://www.tiktok.com/@finanzfluss_official/video/7422360359576653088,,Finanzfluss,204.600,5.565,128,,,
TRUE,https://www.instagram.com/reel/DCCbsH_MZh9/,,Finanzfluss,204.436,1.911,40,4,,
TRUE,https://youtube.com/shorts/5WUbFYFdK7g,,Finanzfluss,204.107,4.945,171,,,
TRUE,https://www.instagram.com/greator/reel/CzyucOLosux/,,Greator,204.000,3.213,19,,,
TRUE,https://www.instagram.com/greator/reel/Cm69Xh0t3e2/,,Greator,204.000,4.086,119,,,
TRUE,https://www.facebook.com/reel/1474681570160721,,Meet Your Master,204.000,1.450,141,102,,
TRUE,https://www.tiktok.com/@rafaelbettencourt2/video/7092060394671426821,,Rafael Bettencourt,203.600,13.400,170,896,4.214,
TRUE,https://www.facebook.com/reel/791516149509541,,Meet Your Master,203.000,3.800,78,256,,
TRUE,https://www.tiktok.com/@meetyourmaster.de/video/7282415342943472928,,Meet Your Master,202.600,8.508,18,,,
TRUE,https://www.tiktok.com/@fuat_marta/video/7255325997875137819,,Fuat & Marta,202.400,7.889,59,433,1.326,
TRUE,https://www.instagram.com/gereonjoern/reel/DBv2MHsJPcx/,,Gereon Jörn,202.000,2.851,126,,,
TRUE,https://www.tiktok.com/@fuat_marta/video/7387803518758964513,,Fuat & Marta,200.100,3.406,41,543,1.087,
TRUE,https://www.instagram.com/greator/reel/C__MMHICUoP/,,Greator,200.000,1.970,263,,,
TRUE,https://www.tiktok.com/@meetyourmaster.de/video/7410440839031262497,,Meet Your Master,199.600,4.058,86,,,
TRUE,https://youtube.com/shorts/hI5j1o31D70,,Finanzfluss,199.464,5.515,558,,,
TRUE,https://youtube.com/shorts/lmNm05jhkvI,,Greator,198.526,4.178,248,,,
TRUE,https://www.instagram.com/p/C6y0S_tsbyW,,Lea Ernst,197.900,8.200,46,,,
TRUE,https://youtube.com/shorts/Wgehw6JT57Y,,Greator,197.823,7.087,111,,,
TRUE,https://www.instagram.com/reel/C_lLwOZhRCy/,,Finanzfluss,197.001,1.722,61,0,,
TRUE,https://www.instagram.com/greator/reel/CnfAgLjNSQO/,,Greator,197.000,4.518,113,,,
TRUE,https://www.instagram.com/greator/reel/Chr-QMPsAI4/,,Greator,196.000,3.225,32,,,
TRUE,https://www.facebook.com/reel/1090169488593700,,Fuat & Marta,196.000,1.783,25,112,,
TRUE,https://www.tiktok.com/@greator/video/7257552595529567514,,Greator,195.600,4.922,74,743,1.896,
TRUE,https://www.tiktok.com/@greator/video/7154416927052500229,,Greator,195.000,7.157,129,2,1.862,
TRUE,https://www.facebook.com/reel/3903681886528871,,Greator,195.000,1.592,203,230,,
TRUE,https://www.instagram.com/greator/reel/C_i6h0WoG58/,,Greator,194.000,5.821,39,,,
TRUE,https://www.tiktok.com/@finanzfluss_official/video/7408952593084419360,,Finanzfluss,194.000,8.233,77,,,
TRUE,https://www.instagram.com/reel/C_bLz1Mv47n/,,Finanzfluss,193.822,2.573,40,0,,
TRUE,https://youtube.com/shorts/bSwVisBwVx8,,Robert Marc Lehmann,193.193,8.653,128,,,
TRUE,https://www.instagram.com/fuat_marta/reel/DAgZBBTPM52/,,Fuat & Marta,192.000,2.020,19,,,
TRUE,https://www.tiktok.com/@greator/video/7238257450607054085,,Greator,191.200,11.000,191,3,3.215,
TRUE,https://www.tiktok.com/@meetyourmaster.de/video/7437173427204607264,,Meet Your Master,191.200,3.851,73,,,
TRUE,https://www.tiktok.com/@rafaelbettencourt2/video/7212311031396289798,,Rafael Bettencourt,191.100,12.000,546,1.402,1.831,
TRUE,https://www.instagram.com/greator/reel/C8SC5_5KnQr/,,Greator,191.000,3.194,90,,,
TRUE,https://www.instagram.com/reel/C_TIO-uP1vp/,,Finanzfluss,190.223,3.255,21,1,,
TRUE,https://www.instagram.com/greator/reel/C_aELveIcfj/,,Greator,190.000,4.787,40,,,
TRUE,https://www.instagram.com/greator/reel/CkQ91u5tjBW/,,Greator,190.000,3.987,58,,,
TRUE,https://www.instagram.com/reel/DCE5owTvR4_/,,Finanzfluss,189.140,2.336,38,10,,
TRUE,https://www.instagram.com/greator/reel/Ch65rcSNdvM/,,Greator,189.000,2.484,20,,,
TRUE,https://www.facebook.com/reel/1090278109394347,,Meet Your Master,189.000,1.411,22,164,,
TRUE,https://www.instagram.com/reel/DCmZVPYs4XQ/,,Finanzfluss,188.968,1.299,28,7,,
TRUE,https://www.tiktok.com/@greator/video/6841933852236139781,,Greator,188.300,27.300,110,213,1.137,
TRUE,https://www.tiktok.com/@finanzfluss_official/video/7421236436768148768,,Finanzfluss,187.300,5.181,88,,,
TRUE,https://www.instagram.com/greator/reel/C_V4fY5qu6W/,,Greator,187.000,4.263,9,,,
TRUE,https://www.instagram.com/greator/reel/CiILpGWMrA-/,,Greator,187.000,3.602,51,,,
TRUE,https://www.tiktok.com/@greator/video/7197838712720461062,,Greator,186.600,13.100,91,1,2.957,
TRUE,https://www.instagram.com/reel/DAyywogo1uS/,,Finanzfluss,186.081,2.336,32,5,,
TRUE,https://www.instagram.com/greator/reel/Ci7COzpIVtG/,,Greator,186.000,4.131,33,,,
TRUE,https://www.tiktok.com/@silkeschaefer.astrologie/video/7319539333831150880,,Silke Schäfer,185.700,10.100,227,972,2.748,
TRUE,https://www.instagram.com/reel/DCM3OW2vo6l/,,Finanzfluss,185.531,1.840,16,10,,
TRUE,https://www.instagram.com/reel/DChRCtqB3eX/,,Finanzfluss,185.037,1.941,42,9,,
TRUE,https://www.instagram.com/greator/reel/ChzrmHavSsi/,,Greator,185.000,2.724,83,,,
TRUE,https://www.instagram.com/greator/reel/CgSCyDTpsLS/,,Greator,185.000,2.172,46,,,
TRUE,https://www.tiktok.com/@greator/video/7226010292021464325,,Greator,185.000,4.624,253,1,777,
TRUE,https://www.instagram.com/meetyourmaster.de/reel/C-shfVXId-J/,,Meet Your Master,185.000,6.245,112,,,
TRUE,https://youtube.com/shorts/txhCA5lEfl8,,Finanzfluss,184.794,4.942,119,,,
TRUE,https://www.tiktok.com/@finanzfluss_official/video/7407506152763706656,,Finanzfluss,184.400,5.391,65,,,
TRUE,https://www.tiktok.com/@greator/video/7167059206736989446,,Greator,184.200,6.325,94,350,1.012,
TRUE,https://www.instagram.com/greator/reel/CwabOjKqdvx/,,Greator,184.000,1.848,106,,,
TRUE,https://www.tiktok.com/@finanzfluss_official/video/7427796548559359265,,Finanzfluss,183.700,3.846,41,,,
TRUE,https://www.facebook.com/reel/1324220568180907,,Greator,183.000,1.554,160,226,,
TRUE,https://www.instagram.com/greator/reel/C_Ly9BUCQfQ/,,Greator,182.000,4.792,70,,,
TRUE,https://www.tiktok.com/@greator/video/7374073411741437217,,Greator,181.800,6.886,100,2,1.242,
TRUE,https://www.tiktok.com/@fuat_marta/video/7255697149978053915,,Fuat & Marta,181.100,6.536,116,1.216,1.326,
TRUE,https://www.instagram.com/greator/reel/Cj5xxueOXMI/,,Greator,181.000,4.671,31,,,
TRUE,https://www.tiktok.com/@greator/video/7119905167985888518,,Greator,181.000,6.909,68,523,646,
TRUE,https://www.facebook.com/reel/1046251753308646,,Greator,180.000,1.775,59,291,,
TRUE,https://www.instagram.com/meetyourmaster.de/reel/C7b9C-fAcF9/,,Meet Your Master,180.000,5.488,178,,,
TRUE,https://www.instagram.com/gereonjoern/reel/C8kEFB9JWiU/,,Gereon Jörn,180.000,2.661,47,,,
TRUE,https://youtube.com/shorts/PGH4Qy8faMU,,Finanzfluss,179.659,4.357,105,,,
TRUE,https://www.tiktok.com/@fuat_marta/video/7395225313023675681,,Fuat & Marta,179.500,4.190,53,507,1.004,
TRUE,https://www.instagram.com/reel/C_Vs7L0sGBv/,,Finanzfluss,179.098,1.732,19,0,,
TRUE,https://www.facebook.com/reel/652027843801223,,Fuat & Marta,179.000,4.413,169,2.111,,
TRUE,https://www.tiktok.com/@rafaelbettencourt2/video/7241967106495958278,,Rafael Bettencourt,178.600,11.200,111,1.251,4.518,
TRUE,https://www.tiktok.com/@greator/video/7257189584398798106,,Greator,178.500,4.913,62,636,2.047,
TRUE,https://www.tiktok.com/@greator/video/7310286139158564128,,Greator,177.500,8.183,223,1,2.148,
TRUE,https://www.facebook.com/reel/276850528324566,,Fuat & Marta,176.000,1.462,13,146,,
TRUE,https://www.tiktok.com/@fuat_marta/video/7266829705314110752,,Fuat & Marta,175.600,7.564,63,630,1.834,
TRUE,https://youtube.com/shorts/P8jOH90O1HQ,,Greator,175.534,5.540,35,,,
TRUE,https://www.instagram.com/reel/C_Q30L-MKJi/,,Finanzfluss,175.090,2.095,40,2,,
TRUE,https://www.instagram.com/greator/reel/C7oks9JKxIp/,,Greator,175.000,3.471,81,,,
TRUE,https://www.instagram.com/greator/reel/Cou1IJ2Kq9n/,,Greator,175.000,4.612,193,,,
TRUE,https://www.instagram.com/greator/reel/ChP6fEmO4Sc/,,Greator,175.000,2.459,30,,,
TRUE,https://www.facebook.com/reel/421549324013760,,Greator,175.000,385,416,33,,
TRUE,https://www.tiktok.com/@mrtiefschlaf/video/7252254376495009051,,Chris Surel,174.000,13.400,29,,784,
TRUE,https://www.facebook.com/reel/1795144517611676,,Meet Your Master,174.000,924,17,14,,
TRUE,https://youtube.com/shorts/5gPMq1i9Vlc,,Greator,173.016,5.998,156,,,
TRUE,https://www.instagram.com/greator/reel/C-NhyfoM2zt/,,Greator,173.000,1.591,55,,,
TRUE,https://www.facebook.com/reel/786494837016315,,Fuat & Marta,173.000,1.365,29,98,,
TRUE,https://www.tiktok.com/@meetyourmaster.de/video/7368144335742848289,,Meet Your Master,172.700,8.242,30,,,
TRUE,https://www.tiktok.com/@fuat_marta/video/7254963453113208091,,Fuat & Marta,171.900,4.031,60,184,702,
TRUE,https://www.instagram.com/reel/C_gUF39vVht/,,Finanzfluss,171.632,2.702,27,2,,
TRUE,https://www.tiktok.com/@greator/video/7252728473381244165,,Greator,171.500,9.061,52,2,2.894,
TRUE,https://www.instagram.com/meetyourmaster.de/reel/C2abPOmozCc/,,Meet Your Master,171.000,5.193,135,,,
TRUE,https://www.instagram.com/reel/DCwtMDixghz/,,Finanzfluss,170.482,1.221,52,44,,
TRUE,https://youtube.com/shorts/G9g6h91jHcs,,Greator,170.421,7.503,149,,,
TRUE,https://www.tiktok.com/@fuat_marta/video/7258665898536455450,,Fuat & Marta,170.400,6.508,23,271,1.333,
TRUE,https://www.instagram.com/greator/reel/ClT7bf1uvd8/,,Greator,170.000,3.545,17,,,
TRUE,https://www.instagram.com/greator/reel/CjIwrFToytD/,,Greator,170.000,5.813,159,,,
TRUE,https://www.facebook.com/reel/996139525336275,,Greator,170.000,955,267,83,,
TRUE,https://www.instagram.com/greator/reel/CoNWvc4IE83/,,Greator,169.000,3.720,82,,,
TRUE,https://www.instagram.com/meetyourmaster.de/reel/Czl9VQNI-yg/,,Meet Your Master,169.000,1.110,23,,,
TRUE,https://www.facebook.com/reel/977098144177504,,Fuat & Marta,169.000,1.419,72,197,,
TRUE,https://www.tiktok.com/@finanzfluss_official/video/7432342401492077857,,Finanzfluss,168.800,2.756,38,,,
TRUE,https://www.instagram.com/reel/DCUXxLjCqOG/,,Finanzfluss,168.341,1.913,44,10,,
TRUE,https://youtube.com/shorts/99lfKpJhUPM,,Greator,167.904,3.853,68,,,
TRUE,https://www.instagram.com/greator/reel/DAq_akQtJqS/,,Greator,167.000,5.315,115,,,
TRUE,https://www.instagram.com/greator/reel/ChfR7Z9rbcv/,,Greator,166.000,1.679,11,,,
TRUE,https://www.instagram.com/reel/DBwojfxBLKs/,,Finanzfluss,165.991,1.296,16,0,,
TRUE,https://www.instagram.com/reel/DBJmTd4IYgK/,,Finanzfluss,165.854,2.147,18,5,,
TRUE,https://www.tiktok.com/@meetyourmaster.de/video/7292063550019833121,,Meet Your Master,164.700,13.700,63,,,
TRUE,https://www.instagram.com/reel/DCUsBIDMf8A/,,Finanzfluss,164.129,1.201,51,4,,
TRUE,https://www.instagram.com/greator/reel/ChctjOGDNuB/,,Greator,164.000,1.322,14,,,
TRUE,https://www.facebook.com/reel/2048043552320261,,Fuat & Marta,164.000,844,96,71,,
TRUE,https://www.facebook.com/reel/934777957817338,,Fuat & Marta,164.000,1.982,75,148,,
TRUE,https://www.instagram.com/greator/reel/DBB48MgMGjN/,,Greator,163.000,3.093,127,,,
TRUE,https://www.instagram.com/greator/reel/CgKUIVhvB1d/,,Greator,163.000,2.609,62,,,
TRUE,https://www.facebook.com/reel/204902302344367,,Greator,163.000,2.219,62,457,,
TRUE,https://www.facebook.com/reel/3722022388018995,,Meet Your Master,163.000,375,12,1,,
TRUE,https://www.instagram.com/reel/C_oFRHrpEfx/,,Finanzfluss,162.582,1.707,8,1,,
TRUE,https://youtube.com/shorts/JNDCguons9A,,Greator,162.475,6.251,27,,,
TRUE,https://youtube.com/shorts/QjwCpzS_PyY,,Finanzfluss,160.735,3.527,100,,,
TRUE,https://www.instagram.com/greator/reel/Cj-6TT4oIyz/,,Greator,160.000,3.629,51,,,
TRUE,https://www.facebook.com/reel/412934021574821,,Meet Your Master,160.000,786,54,41,,
TRUE,https://youtube.com/shorts/opWvIqHvlbA,,Greator,159.270,8.543,105,,,
TRUE,https://www.instagram.com/reel/DAQ8P_MIuRj/,,Finanzfluss,159.083,1.742,35,6,,
TRUE,https://www.instagram.com/greator/reel/CjQlm88sN9z/,,Greator,159.000,2.937,36,,,
TRUE,https://www.instagram.com/reel/C_BHX3JK3gn/,,Finanzfluss,158.981,1.227,19,0,,
TRUE,https://www.tiktok.com/@greator/video/7253841660486929669,,Greator,158.300,4.681,215,651,985,
TRUE,https://www.tiktok.com/@fuat_marta/video/7269798420301221153,,Fuat & Marta,158.300,7.921,96,802,2.108,
TRUE,https://www.instagram.com/reel/C_nvaAnKyMd/,,Finanzfluss,158.272,1.379,71,1,,
TRUE,https://www.instagram.com/reel/C_OQ6W9Nuwv/,,Finanzfluss,158.026,2.144,36,12,,
TRUE,https://www.instagram.com/greator/reel/DAsyYIlqRFv/,,Greator,158.000,2.301,274,,,
TRUE,https://www.instagram.com/greator/reel/CiaQnY9MpcQ/,,Greator,158.000,3.525,52,,,
TRUE,https://www.facebook.com/reel/869747564805175,,Meet Your Master,158.000,713,21,25,,
TRUE,https://www.facebook.com/reel/3795883777319259,,Fuat & Marta,158.000,1.561,25,318,,
TRUE,https://www.tiktok.com/@greator/video/7250501953447283994,,Greator,157.700,8.169,91,802,1.949,
TRUE,https://www.instagram.com/reel/DBzOm9nv5QH/,,Finanzfluss,157.432,1.125,16,2,,
TRUE,https://www.instagram.com/reel/C_qonySt1bo/,,Finanzfluss,157.353,1.757,16,3,,
TRUE,https://www.instagram.com/reel/DB9ac4-pKE2/,,Finanzfluss,157.133,1.200,31,3,,
TRUE,https://www.instagram.com/greator/reel/CjF9Icoo_jC/,,Greator,157.000,3.576,25,,,
TRUE,https://www.instagram.com/greator/reel/CfepuzsJ8Bz/,,Greator,156.000,2.879,48,,,
TRUE,https://www.facebook.com/reel/317551674448378,,Meet Your Master,156.000,633,31,33,,
TRUE,https://youtube.com/shorts/MqmZNV5hCBY,,Greator,155.415,5.135,72,,,
TRUE,https://www.instagram.com/greator/reel/Ck3lmOesMpa/,,Greator,155.000,4.505,44,,,
TRUE,https://www.facebook.com/reel/3752056631682888,,Meet Your Master,155.000,576,20,11,,
TRUE,https://youtube.com/shorts/7Oid6HknCIg,,Greator,154.951,5.062,80,,,
TRUE,https://youtube.com/shorts/_Ke1AOf6Xhg,,Greator,154.615,7.681,115,,,
TRUE,https://www.tiktok.com/@finanzfluss_official/video/7403759195029310753,,Finanzfluss,154.400,3.778,147,,,
TRUE,https://www.instagram.com/greator/reel/C-3JRITsCAP/,,Greator,154.000,3.019,46,,,
TRUE,https://www.instagram.com/greator/reel/CroAomtq6VK/,,Greator,154.000,2.876,15,,,
TRUE,https://www.tiktok.com/@greator/video/7254537472829426950,,Greator,153.200,13.900,63,1,3.591,
TRUE,https://youtube.com/shorts/M8yH8USV21o,,Greator,153.072,6.248,137,,,
TRUE,https://www.instagram.com/greator/reel/ChH4gyYrD2M/,,Greator,153.000,1.596,19,,,
TRUE,https://www.tiktok.com/@rafaelbettencourt2/video/7231538446718733574,,Rafael Bettencourt,152.500,8.080,285,787,1.257,
TRUE,https://www.tiktok.com/@meetyourmaster.de/video/7276477972406734113,,Meet Your Master,152.400,5.902,55,,,
TRUE,https://www.instagram.com/greator/reel/C3F_biTI3xL/,,Greator,152.000,4.521,259,,,
TRUE,https://www.instagram.com/greator/reel/CktT5beJHD0/,,Greator,152.000,3.248,51,,,
TRUE,https://www.facebook.com/reel/1027822245806221,,Fuat & Marta,152.000,840,9,111,,
TRUE,https://youtube.com/shorts/Uh_jFAej_Rw,,Greator,151.830,5.503,59,,,
TRUE,https://youtube.com/shorts/1yBRJntHq9Q,,Greator,150.747,1.924,55,,,
TRUE,https://www.tiktok.com/@fuat_marta/video/7234174148430318853,,Fuat & Marta,150.200,4.021,62,484,1.451,
TRUE,https://www.facebook.com/reel/1108163997125889,,Greator,150.000,2.560,61,320,,
TRUE,https://www.facebook.com/reel/327705693388488,,Meet Your Master,150.000,1.800,5,60,,
TRUE,https://www.tiktok.com/@greator/video/7326961166092143904,,Greator,149.900,2.111,156,433,853,
TRUE,https://www.tiktok.com/@meetyourmaster.de/video/7283528575880400160,,Meet Your Master,149.500,4.350,68,,,
TRUE,https://www.facebook.com/reel/671717834875727,,Fuat & Marta,149.000,1.644,66,137,,
TRUE,https://www.instagram.com/reel/DAMGjgxsp1N/,,Finanzfluss,148.834,1.024,22,0,,
TRUE,https://youtube.com/shorts/YwDkx11IS9o,,Finanzfluss,148.465,3.236,134,,,
TRUE,https://www.instagram.com/greator/reel/Cyi5agnNi8I/,,Greator,148.000,696,45,,,
TRUE,https://www.instagram.com/greator/reel/CvC4NQMqBME/,,Greator,148.000,2.062,49,,,
TRUE,https://www.instagram.com/greator/reel/Cu_-z3iKsS1/,,Greator,148.000,2.815,53,,,
TRUE,https://www.instagram.com/greator/reel/CgXL9rVMV-p/,,Greator,148.000,1.875,45,,,
TRUE,https://www.facebook.com/reel/3654793801474505,,Fuat & Marta,148.000,3.700,123,,,
TRUE,https://www.instagram.com/reel/DAv_hsYq-sy/,,Finanzfluss,147.620,1.419,27,10,,
TRUE,https://youtube.com/shorts/5XF1peqfezQ,,Meet Your Master,147.448,2.462,37,,,
TRUE,https://youtube.com/shorts/phhoqeYnTDU,,Finanzfluss,147.216,2.987,67,,,
TRUE,https://www.instagram.com/greator/reel/CoINOsJr643/,,Greator,147.000,4.075,43,,,
TRUE,https://www.instagram.com/greator/reel/C2uy5cbN7un/,,Greator,146.000,7.249,51,,,
TRUE,https://www.instagram.com/greator/reel/C2sOHppthLZ/,,Greator,146.000,3.802,37,,,
TRUE,https://www.facebook.com/reel/952155502912997,,Meet Your Master,146.000,1.400,252,35,,
TRUE,https://www.instagram.com/greator/reel/DCRyZboJKvp/,,Greator,145.000,3.410,81,,,
TRUE,https://www.instagram.com/greator/reel/CyvxlUrKfiy/,,Greator,145.000,1.465,34,,,
TRUE,https://www.tiktok.com/@fuat_marta/video/7421941341082635552,,Fuat & Marta,144.600,2.906,48,724,1.192,
TRUE,https://www.instagram.com/reel/DB1xxngPkVd/,,Finanzfluss,144.161,1.304,15,2,,
TRUE,https://www.tiktok.com/@meetyourmaster.de/video/7274994342475910432,,Meet Your Master,144.000,4.131,52,,,
TRUE,https://www.tiktok.com/@finanzfluss_official/video/7418648985776213280,,Finanzfluss,143.700,5.124,57,,,
TRUE,https://youtube.com/shorts/eg8iHRby7fE,,Finanzfluss,143.412,4.057,93,,,
TRUE,https://www.instagram.com/reel/C_dxoabpPeZ/,,Finanzfluss,142.243,1.116,32,1,,
TRUE,https://www.instagram.com/greator/reel/C-Ka-h6Cxx3/,,Greator,142.000,3.076,38,,,
TRUE,https://www.instagram.com/greator/reel/CdF39AuMyJz/,,Greator,142.000,877,20,,,
TRUE,https://www.tiktok.com/@fuat_marta/video/7265716492619091232,,Fuat & Marta,141.900,5.023,39,267,1.236,
TRUE,https://www.tiktok.com/@fuat_marta/video/7303953812975275296,,Fuat & Marta,141.500,4.052,182,899,1.070,
TRUE,https://www.instagram.com/reel/C-20xGLIwnI/,,Finanzfluss,141.104,1.327,11,0,,
TRUE,https://www.instagram.com/greator/reel/CidBZLvOZiH/,,Greator,141.000,2.586,28,,,
TRUE,https://www.tiktok.com/@fuat_marta/video/7281224763375176992,,Fuat & Marta,140.600,3.175,30,199,827,
TRUE,https://www.tiktok.com/@fuat_marta/video/7273880364584537377,,Fuat & Marta,140.400,3.263,39,735,840,
TRUE,https://youtube.com/shorts/B7FQEWHYy8M,,Greator,140.232,5.348,74,,,
TRUE,https://www.facebook.com/reel/2011598802519463,,Greator,140.000,1.457,15,182,,
TRUE,https://www.instagram.com/silke.schaefer.astrologie/reel/C6_orWjtMV1/,,Silke Schäfer,140.000,4.027,83,,,
TRUE,https://www.instagram.com/reel/C_ODh9aijPx/,,Finanzfluss,139.830,1.182,18,1,,
TRUE,https://www.tiktok.com/@fuat_marta/video/7397450644216499488,,Fuat & Marta,139.700,2.196,10,56,288,
TRUE,https://www.instagram.com/reel/DAOYBKuB8uP/,,Finanzfluss,139.233,991,13,0,,
TRUE,https://www.instagram.com/greator/reel/C0KAEvvNsLY/,,Greator,139.000,1.427,17,,,
TRUE,https://www.instagram.com/gereonjoern/reel/C-kzEoBibwG/,,Gereon Jörn,139.000,3.588,60,,,
TRUE,https://www.facebook.com/reel/1943799222724967,,Fuat & Marta,139.000,2.111,157,775,,
TRUE,https://www.instagram.com/reel/C-5Z0jePV2f/,,Finanzfluss,138.836,1.646,13,0,,
TRUE,https://www.instagram.com/greator/reel/CttlYevK7ZS/,,Greator,138.000,2.398,19,,,
TRUE,https://www.instagram.com/greator/reel/CenwxiJLTqc/,,Greator,138.000,966,20,,,
TRUE,https://www.facebook.com/reel/256553923914145,,Fuat & Marta,138.000,2.302,35,442,,
TRUE,https://youtube.com/shorts/yBoIPdubg0M,,Finanzfluss,137.886,3.494,425,,,
TRUE,https://www.instagram.com/reel/DAx1ZDUpY3h/,,Finanzfluss,137.829,1.773,10,1,,
TRUE,https://youtube.com/shorts/dKcTrMxRYaU,,Greator,137.503,4.400,120,,,
TRUE,https://www.tiktok.com/@fuat_marta/video/7420087466553560352,,Fuat & Marta,137.200,3.091,35,696,1.342,
TRUE,https://www.instagram.com/greator/reel/C_YYAgOp8oX/,,Greator,136.000,3.649,24,,,
TRUE,https://www.instagram.com/greator/reel/C2NUkelN7U4/,,Greator,136.000,1.459,31,,,
TRUE,https://www.instagram.com/greator/reel/C2c1D3RtRHD/,,Greator,135.000,2.627,107,,,
TRUE,https://www.instagram.com/greator/reel/CvzzUh5KCxT/,,Greator,135.000,1.780,63,,,
TRUE,https://www.tiktok.com/@silkeschaefer.astrologie/video/7420459335471369504,,Silke Schäfer,134.700,5.602,190,981,1.571,
TRUE,https://www.instagram.com/reel/C_6Ex2XBlYV/,,Finanzfluss,134.334,1.881,11,2,,
TRUE,https://www.instagram.com/meetyourmaster.de/reel/C8w7R-TK4Bl/,,Meet Your Master,134.000,1.424,21,,,
TRUE,https://www.facebook.com/reel/2013374105745582,,Fuat & Marta,134.000,1.800,36,214,,
TRUE,https://youtube.com/shorts/qLP1CMKB8VQ,,Greator,133.786,6.434,108,,,
TRUE,https://www.instagram.com/reel/DB4WNeOKB3Z/,,Finanzfluss,133.390,819,14,1,,
TRUE,https://www.instagram.com/greator/reel/CzRWjslN3I_/,,Greator,133.000,878,20,,,
TRUE,https://www.instagram.com/greator/reel/ClMMAKZsdNY/,,Greator,133.000,3.064,42,,,
TRUE,https://www.instagram.com/meetyourmaster.de/reel/C7Ex7RBtuZt/,,Meet Your Master,133.000,2.407,35,,,
TRUE,https://www.instagram.com/meetyourmaster.de/reel/CzML1ZfocdO/,,Meet Your Master,133.000,1.923,26,,,
TRUE,https://www.facebook.com/reel/1169280444358211,,Fuat & Marta,133.000,618,3,29,,
TRUE,https://www.tiktok.com/@rafaelbettencourt2/video/7232281223052201221,,Rafael Bettencourt,132.800,2.394,39,47,637,
TRUE,https://www.tiktok.com/@fuat_marta/video/7396337316609969440,,Fuat & Marta,132.800,3.377,38,640,1.011,
TRUE,https://youtube.com/shorts/h_kZip3iAHM,,Finanzfluss,132.506,2.236,153,,,
TRUE,https://www.instagram.com/reel/C_ECKddAveE/,,Finanzfluss,132.429,2.047,11,9,,
TRUE,https://www.instagram.com/greator/reel/Cl6zKb6ugkD/,,Greator,132.000,2.913,66,,,
TRUE,https://www.instagram.com/meetyourmaster.de/reel/C2z8fncNI0x/,,Meet Your Master,132.000,3.609,69,,,
TRUE,https://www.instagram.com/reel/DBWwPQzJdOB/,,Finanzfluss,131.768,988,6,4,,
TRUE,https://www.instagram.com/greator/reel/C_yDC-AhdQ-/,,Greator,131.000,4.748,54,,,
TRUE,https://www.tiktok.com/@meetyourmaster.de/video/7297274230578728225,,Meet Your Master,130.700,5.602,22,,,
TRUE,https://www.tiktok.com/@greator/video/7164440284527348998,,Greator,130.100,6.678,81,497,1.209,
TRUE,https://www.facebook.com/reel/440760835461737,,Greator,130.000,747,196,320,,
TRUE,https://www.instagram.com/silke.schaefer.astrologie/reel/DA6J4vLq6T2/,,Silke Schäfer,130.000,4.892,65,,,
TRUE,https://www.facebook.com/reel/395674896451295,,Fuat & Marta,130.000,547,25,32,,
TRUE,https://www.tiktok.com/@greator/video/6807823836935982341,,Greator,129.800,13.500,99,595,1.623,
TRUE,https://www.instagram.com/reel/DCW8cbOO_pj/,,Finanzfluss,129.765,1.255,16,5,,
TRUE,https://www.tiktok.com/@fuat_marta/video/7426767013579722016,,Fuat & Marta,129.400,2.420,56,394,1.253,
TRUE,https://www.instagram.com/reel/C_LrmS6pOaB/,,Finanzfluss,129.189,1.023,13,0,,
TRUE,https://www.instagram.com/greator/reel/CgFJsGUs15b/,,Greator,129.000,1.488,20,,,
TRUE,https://www.instagram.com/gereonjoern/reel/C8Clhcmi9Pr/,,Gereon Jörn,129.000,2.696,199,,,
TRUE,https://www.instagram.com/gereonjoern/reel/CsEg-MZNlbB/,,Gereon Jörn,129.000,343,16,,,
TRUE,https://www.tiktok.com/@fuat_marta/video/7384465493605829921,,Fuat & Marta,128.400,2.663,49,403,795,
TRUE,https://www.tiktok.com/@greator/video/7398936916390874401,,Greator,128.300,1.130,293,872,352,
TRUE,https://youtube.com/shorts/SBg5IOFUd6E,,Robert Marc Lehmann,128.103,7.048,194,,,
TRUE,https://www.instagram.com/greator/reel/CkghV2IMMAq/,,Greator,128.000,3.516,52,,,
TRUE,https://www.facebook.com/reel/1504070870416258,,Fuat & Marta,128.000,1.989,25,82,,
TRUE,https://www.instagram.com/reel/DAyZbfmMZck/,,Finanzfluss,127.936,1.348,33,1,,
TRUE,https://youtube.com/shorts/15YYrjxwPh8,,Finanzfluss,127.902,3.105,61,,,
TRUE,https://www.tiktok.com/@meetyourmaster.de/video/7300985048214375712,,Meet Your Master,127.600,1.784,32,,,
TRUE,https://www.tiktok.com/@greator/video/7249388662792752389,,Greator,127.200,3.965,59,400,1.065,
TRUE,https://www.tiktok.com/@rafaelbettencourt2/video/7218967713958415621,,Rafael Bettencourt,127.200,3.707,53,174,940,
TRUE,https://www.instagram.com/greator/reel/C0mfjMUN-AC/,,Greator,127.000,2.350,42,,,
TRUE,https://www.instagram.com/greator/reel/CkGrZxSrd4G/,,Greator,127.000,1.577,14,,,
TRUE,https://www.instagram.com/meetyourmaster.de/reel/CoKuWr-IZf3/,,Meet Your Master,127.000,6.950,76,,,
TRUE,https://www.tiktok.com/@greator/video/7116175913368243462,,Greator,126.400,5.546,43,286,631,
TRUE,https://www.instagram.com/greator/reel/Cg7PrvovDvO/,,Greator,126.000,1.664,16,,,
TRUE,https://www.tiktok.com/@rafaelbettencourt2/video/7174824973289196806,,Rafael Bettencourt,125.700,5.318,54,161,1.994,
TRUE,https://www.tiktok.com/@fuat_marta/video/7209713427692932358,,Fuat & Marta,125.400,3.954,103,596,1.069,
TRUE,https://www.tiktok.com/@greator/video/7116567199808212230,,Greator,125.300,3.697,49,416,799,
TRUE,https://www.instagram.com/reel/C_i59f3PtLD/,,Finanzfluss,125.186,1.689,26,9,,
TRUE,https://youtube.com/shorts/QxsfcC07-ao,,Robert Marc Lehmann,125.124,4.959,335,,,
TRUE,https://www.instagram.com/silke.schaefer.astrologie/reel/C9xTEzti9mR/,,Silke Schäfer,125.000,5.141,219,,,
TRUE,https://www.tiktok.com/@greator/video/7252357355956980998,,Greator,124.900,1.719,20,26,184,
TRUE,https://www.instagram.com/reel/C-xMGK6ITEx/,,Finanzfluss,124.884,1.737,38,1,,
TRUE,https://www.instagram.com/reel/C_Bbx4rCQ2T/,,Finanzfluss,124.749,1.425,18,2,,
TRUE,https://www.tiktok.com/@fuat_marta/video/7268685149280242976,,Fuat & Marta,124.200,6.246,50,469,1.244,
TRUE,https://www.instagram.com/reel/DCj0_PSvrz0/,,Finanzfluss,124.159,1.074,17,3,,
TRUE,https://www.instagram.com/greator/reel/Cl1ppOOtV0n/,,Greator,124.000,2.834,15,,,
TRUE,https://www.facebook.com/reel/1138214214207708,,Meet Your Master,124.000,2.400,141,516,,
TRUE,https://www.instagram.com/meetyourmaster.de/reel/Cyn5Kxvo4Ad/,,Meet Your Master,124.000,1.530,13,,,
TRUE,https://www.instagram.com/reel/DAtXEu2ICeQ/,,Finanzfluss,123.882,1.151,5,1,,
TRUE,https://www.tiktok.com/@fuat_marta/video/7269427304395279649,,Fuat & Marta,123.100,5.146,34,486,1.336,
TRUE,https://www.instagram.com/greator/reel/CvQJWIrtdGg/,,Greator,123.000,1.716,30,,,
TRUE,https://www.instagram.com/greator/reel/CncbtxisqU3/,,Greator,123.000,2.963,37,,,
TRUE,https://www.instagram.com/greator/reel/ClEnrMztlv5/,,Greator,123.000,2.366,24,,,
TRUE,https://www.instagram.com/reel/DA_nZKRKM5h/,,Finanzfluss,122.116,1.376,11,5,,
TRUE,https://youtube.com/shorts/0oPLPKAS0TE,,Greator,122.084,6.822,88,,,
TRUE,https://www.instagram.com/greator/reel/Clbru7VPhZH/,,Greator,122.000,2.045,21,,,
TRUE,https://www.instagram.com/greator/reel/CjDpHcxPaEB/,,Greator,122.000,2.507,24,,,
TRUE,https://www.tiktok.com/@rafaelbettencourt2/video/7220815085453806853,,Rafael Bettencourt,121.800,5.109,113,401,1.237,
TRUE,https://www.tiktok.com/@fuat_marta/video/7427884116932152609,,Fuat & Marta,121.800,867,72,112,258,
TRUE,https://youtube.com/shorts/_p8ZJls_GvE,,Finanzfluss,121.370,3.320,159,,,
TRUE,https://www.tiktok.com/@meetyourmaster.de/video/7277220122069126433,,Meet Your Master,121.100,3.233,38,,,
TRUE,https://youtube.com/shorts/U5Www9wYmqM,,Greator,121.074,6.096,64,,,
TRUE,https://www.instagram.com/greator/reel/Cz_o3pGo8FL/,,Greator,121.000,1.353,62,,,
TRUE,https://www.facebook.com/reel/928660805759495,,Fuat & Marta,121.000,599,72,54,,
TRUE,https://www.facebook.com/reel/1134284321169966,,Fuat & Marta,121.000,775,39,39,,
TRUE,https://www.instagram.com/reel/DBy5GSpi0oR/,,Finanzfluss,120.680,1.173,3,7,,
TRUE,https://www.instagram.com/reel/DBjVc06NGDT/,,Finanzfluss,120.129,900,16,0,,
TRUE,https://www.instagram.com/reel/DBT5Xl8hJLl/,,Finanzfluss,120.114,918,17,0,,
TRUE,https://www.instagram.com/greator/reel/C_kx5oSIkfc/,,Greator,120.000,2.367,76,,,
TRUE,https://www.instagram.com/greator/reel/CiDNQp1LthO/,,Greator,120.000,1.597,20,,,
TRUE,https://www.tiktok.com/@greator/video/7346999613506719008,,Greator,120.000,1.990,95,153,413,
TRUE,https://www.instagram.com/reel/C-dEPyhNvcF/,,Finanzfluss,119.803,1.391,22,1,,
TRUE,https://www.tiktok.com/@greator/video/7137688060958936325,,Greator,119.800,5.042,38,386,1.167,
TRUE,https://www.tiktok.com/@greator/video/7416417352415218976,,Greator,119.700,3.282,41,608,1.216,
TRUE,https://youtube.com/shorts/Yl5FGhjB0gU,,Finanzfluss,119.237,2.645,26,,,
TRUE,https://www.instagram.com/greator/reel/Ck5TYIvKFWk/,,Greator,119.000,3.244,57,,,
TRUE,https://www.instagram.com/greator/reel/CifLfNBoCaF/,,Greator,119.000,1.912,41,,,
TRUE,https://www.facebook.com/reel/397290409992377,,Greator,119.000,677,54,130,,
TRUE,https://www.facebook.com/reel/356153784104884,,Greator,119.000,1.192,225,542,,
TRUE,https://www.tiktok.com/@finanzfluss_official/video/7430409800128761120,,Finanzfluss,119.000,2.212,55,,,
TRUE,https://www.instagram.com/reel/C_qUb6LKhwe/,,Finanzfluss,118.211,1.445,30,0,,
TRUE,https://www.instagram.com/reel/C-8SRm5oZhn/,,Finanzfluss,118.178,1.048,30,2,,
TRUE,https://www.instagram.com/reel/C_YRtxEpZPI/,,Finanzfluss,118.174,1.284,16,0,,
TRUE,https://www.instagram.com/greator/reel/Chulm8TtR1r/,,Greator,118.000,1.589,20,,,
TRUE,https://www.instagram.com/greator/reel/Cg4b7HrPYPZ/,,Greator,118.000,1.081,40,,,
TRUE,https://www.tiktok.com/@fuat_marta/video/7316941694480469281,,Fuat & Marta,117.900,1.112,112,91,253,
TRUE,https://www.instagram.com/reel/C_a3pH5ol-4/,,Finanzfluss,117.607,1.145,16,0,,
TRUE,https://youtube.com/shorts/OHLrVKyUTe4,,Finanzfluss,117.392,3.572,101,,,
TRUE,https://www.facebook.com/reel/446023024718443,,Greator,117.000,1.301,90,237,,
TRUE,https://www.instagram.com/meetyourmaster.de/reel/C7jrjPHouAX/,,Meet Your Master,117.000,2.722,88,,,
TRUE,https://www.tiktok.com/@fuat_marta/video/7263490035679268128,,Fuat & Marta,116.900,5.668,67,396,1.284,
TRUE,https://www.instagram.com/reel/DA9ClaBhPtD/,,Finanzfluss,116.841,1.622,6,5,,
TRUE,https://youtube.com/shorts/_c3nG3J0HrU,,Greator,116.573,1.743,41,,,
TRUE,https://youtube.com/shorts/7nS1Gx5BB1U,,Greator,116.502,2.326,38,,,
TRUE,https://www.tiktok.com/@fuat_marta/video/7290579263768562976,,Fuat & Marta,116.500,2.940,100,384,803,
TRUE,https://www.tiktok.com/@fuat_marta/video/7188190483385011462,,Fuat & Marta,116.300,2.230,80,407,612,
TRUE,https://www.tiktok.com/@fuat_marta/video/7195612192408915205,,Fuat & Marta,116.200,1.322,42,382,362,
TRUE,https://youtube.com/shorts/jCEcYCrq1Fo,,Finanzfluss,116.091,2.733,170,,,
TRUE,https://www.instagram.com/greator/reel/C7Ec4qhqbs6/,,Greator,116.000,2.562,75,,,
TRUE,https://www.instagram.com/greator/reel/CnkKf9foav-/,,Greator,116.000,1.949,37,,,
TRUE,https://www.tiktok.com/@greator/video/7132152640389090566,,Greator,116.000,2.019,48,191,393,
TRUE,https://www.tiktok.com/@meetyourmaster.de/video/7394114283459595553,,Meet Your Master,115.900,1.578,50,,,
TRUE,https://www.instagram.com/reel/DCubRxftGq0/,,Finanzfluss,115.706,1.382,9,3,,
TRUE,https://www.tiktok.com/@finanzfluss_official/video/7429729435445759264,,Finanzfluss,115.100,2.704,131,,,
TRUE,https://www.tiktok.com/@fuat_marta/video/7227865693000191238,,Fuat & Marta,115.100,1.636,140,224,379,
TRUE,https://www.instagram.com/silke.schaefer.astrologie/reel/DBwVcXEK34i/,,Silke Schäfer,115.000,3.034,43,,,
TRUE,https://www.facebook.com/reel/978443513746304,,Gereon Jörn,115.000,334,26,25,,
TRUE,https://www.facebook.com/reel/862463652388653,,Fuat & Marta,115.000,1.280,40,75,,
TRUE,https://www.instagram.com/fuat_marta/reel/DAi97KqJFtw/,,Fuat & Marta,115.000,1.647,18,,,
TRUE,https://youtube.com/shorts/5kFyNi1kV7w,,Finanzfluss,114.519,3.039,100,,,
TRUE,https://www.tiktok.com/@greator/video/7216733167548501254,,Greator,114.500,3.707,49,434,1.085,
TRUE,https://www.tiktok.com/@greator/video/7236771763332386054,,Greator,114.200,3.767,32,443,1.112,
TRUE,https://www.instagram.com/reel/C_dc-ClM2ee/,,Finanzfluss,114.005,1.686,23,2,,
TRUE,https://www.tiktok.com/@meetyourmaster.de/video/7281673172263488800,,Meet Your Master,113.900,2.663,13,,,
TRUE,https://youtube.com/shorts/Vdc7jf4IgQs,,Finanzfluss,113.726,2.557,51,,,
TRUE,https://www.instagram.com/reel/C_I3NV3s9dH/,,Finanzfluss,113.466,878,36,1,,
TRUE,https://www.instagram.com/greator/reel/C1FLFFrN3Zz/,,Greator,113.000,886,97,,,
TRUE,https://www.instagram.com/greator/reel/Cvco62KoMP7/,,Greator,113.000,1.903,103,,,
TRUE,https://www.instagram.com/greator/reel/CuXGybEqG4a/,,Greator,113.000,1.733,30,,,
TRUE,https://www.facebook.com/reel/3622669748012107,,Meet Your Master,113.000,709,15,18,,
TRUE,https://www.instagram.com/reel/C-afwX-q9fo/,,Finanzfluss,112.964,1.313,18,0,,
TRUE,https://www.tiktok.com/@fuat_marta/video/7387431664655322400,,Fuat & Marta,112.700,7.201,217,2.658,1.638,
TRUE,https://youtube.com/shorts/WgLCn2D0kGQ,,Finanzfluss,112.511,2.475,42,,,
TRUE,https://www.instagram.com/reel/DCcT4Gdx738/,,Finanzfluss,112.468,749,15,1,,
TRUE,https://www.instagram.com/greator/reel/C011PF9tM_f/,,Greator,112.000,1.836,36,,,
TRUE,https://www.instagram.com/greator/reel/CiStyBgJBhX/,,Greator,112.000,2.365,46,,,
TRUE,https://www.instagram.com/meetyourmaster.de/reel/C7hHMVKhK9b/,,Meet Your Master,112.000,1.795,15,,,
TRUE,https://www.facebook.com/reel/3847229435562143,,Gereon Jörn,112.000,1.490,122,387,,
TRUE,https://www.instagram.com/reel/DBRpK4DPe2K/,,Finanzfluss,111.764,714,6,1,,
TRUE,https://www.tiktok.com/@meetyourmaster.de/video/7356261348663151905,,Meet Your Master,111.600,8.049,68,,,
TRUE,https://www.instagram.com/reel/DAEYonpIHNH/,,Finanzfluss,111.425,1.097,5,5,,
TRUE,https://www.tiktok.com/@fuat_marta/video/7337722493471329568,,Fuat & Marta,111.200,725,141,80,202,
TRUE,https://www.instagram.com/greator/reel/CxDn9XlqIBT/,,Greator,111.000,2.894,38,,,
TRUE,https://www.instagram.com/greator/reel/CvFdDIDK-4X/,,Greator,111.000,1.626,37,,,
TRUE,https://www.instagram.com/greator/reel/Cisfn1cMdix/,,Greator,111.000,2.243,24,,,
TRUE,https://www.instagram.com/silke.schaefer.astrologie/reel/C-20w7ZB5yR/,,Silke Schäfer,111.000,4.473,81,,,
TRUE,https://www.instagram.com/reel/DBHA7bsN768/,,Finanzfluss,110.886,857,21,0,,
TRUE,https://www.tiktok.com/@rafaelbettencourt2/video/7172239533940018438,,Rafael Bettencourt,110.800,3.527,50,66,797,
TRUE,https://www.tiktok.com/@greator/video/7135432242310171910,,Greator,110.300,9.098,50,320,2.144,
TRUE,https://www.tiktok.com/@greator/video/7205631543581166854,,Greator,110.200,8.745,175,1,1.596,
TRUE,https://www.instagram.com/p/C0MeEpwoWqw,,Lea Ernst,110.000,745,22,,,
TRUE,https://www.instagram.com/greator/reel/DAwHwHkIR_d/,,Greator,110.000,4.170,29,,,
TRUE,https://www.instagram.com/greator/reel/C0hY7LctoqT/,,Greator,110.000,733,19,,,
TRUE,https://www.instagram.com/greator/reel/C0MeEpwoWqw/,,Greator,110.000,745,22,,,
TRUE,https://www.instagram.com/silke.schaefer.astrologie/reel/C9NQciqJ30g/,,Silke Schäfer,110.000,3.569,39,,,
TRUE,https://www.instagram.com/reel/DAwHwHkIR_d/,,Leander Greitemann,110.000,4.200,29,,,
TRUE,https://youtube.com/shorts/kgp_BC1qVQ8,,Finanzfluss,109.641,2.337,110,,,
TRUE,https://www.instagram.com/greator/reel/DCE644ltuCV/,,Greator,109.000,1.808,15,,,
TRUE,https://www.instagram.com/greator/reel/DA6dcj3hChv/,,Greator,109.000,1.732,24,,,
TRUE,https://www.instagram.com/greator/reel/C2kf8yQNP5m/,,Greator,109.000,1.832,61,,,
TRUE,https://www.instagram.com/greator/reel/ClvYDTPKo9w/,,Greator,109.000,2.816,49,,,
TRUE,https://www.facebook.com/reel/1286161275415854,,Meet Your Master,109.000,796,15,183,,
TRUE,https://youtube.com/shorts/LTrem0G_6XI,,Finanzfluss,108.711,2.640,41,,,
TRUE,https://www.tiktok.com/@fuat_marta/video/7254893240590077210,,Fuat & Marta,108.600,5.282,56,547,1.197,
TRUE,https://www.instagram.com/reel/DA6JF5MiUkX/,,Finanzfluss,108.528,1.101,13,1,,
TRUE,https://www.instagram.com/reel/C-sig1RhSpA/,,Finanzfluss,108.490,1.687,27,0,,
TRUE,https://youtube.com/shorts/WQ3OfOY_e6A,,Finanzfluss,108.011,2.165,88,,,
TRUE,https://www.instagram.com/greator/reel/DAnoo98h3Vy/,,Greator,108.000,1.826,30,,,
TRUE,https://www.instagram.com/greator/reel/C8fmK3MpE5e/,,Greator,108.000,2.185,112,,,
TRUE,https://www.instagram.com/greator/reel/C7PGouFNG4E/,,Greator,108.000,1.192,20,,,
TRUE,https://www.instagram.com/greator/reel/C0rpAv9NbuQ/,,Greator,108.000,680,20,,,
TRUE,https://www.instagram.com/greator/reel/Cz3-f8ZNrCK/,,Greator,108.000,914,21,,,
TRUE,https://www.instagram.com/greator/reel/CstiG3_KPh-/,,Greator,108.000,2.509,42,,,
TRUE,https://www.instagram.com/greator/reel/Ci2wzKvI8Zm/,,Greator,108.000,1.600,3,,,
TRUE,https://www.instagram.com/greator/reel/CivAzRQL_nZ/,,Greator,108.000,1.129,8,,,
TRUE,https://www.facebook.com/reel/432282312512918,,Meet Your Master,108.000,885,20,51,,
TRUE,https://www.tiktok.com/@greator/video/7143641394022862086,,Greator,107.700,5.202,36,1,1.127,
TRUE,https://youtube.com/shorts/hEAIiHS24_I,,Greator,107.647,3.255,53,,,
TRUE,https://youtube.com/shorts/3qFxHXrkwEY,,Finanzfluss,107.623,3.083,82,,,
TRUE,https://www.instagram.com/reel/DBrgqqJsaQp/,,Finanzfluss,107.436,930,6,1,,
TRUE,https://www.instagram.com/reel/DBomXk2B387/,,Finanzfluss,107.347,674,13,1,,
TRUE,https://youtube.com/shorts/VEeldpp7heE,,Finanzfluss,107.296,2.625,70,,,
TRUE,https://www.facebook.com/reel/220597624337263,,Fuat & Marta,107.000,535,104,82,,
TRUE,https://youtube.com/shorts/-0VlC33-xTc,,Greator,106.667,2.074,216,,,
TRUE,https://www.instagram.com/reel/C_V-NDuodbK/,,Finanzfluss,106.332,1.137,5,0,,
TRUE,https://www.tiktok.com/@greator/video/7259036965318741275,,Greator,106.200,4.590,29,392,1.250,
TRUE,https://youtube.com/shorts/gY3fFy4OKdc,,Meet Your Master,106.014,1.566,11,,,
TRUE,https://www.instagram.com/greator/reel/CwiJotXKRdK/,,Greator,106.000,986,23,,,
TRUE,https://www.instagram.com/greator/reel/Cu7J8AHKIHe/,,Greator,106.000,975,22,,,
TRUE,https://www.instagram.com/greator/reel/CmmXAnZNWx7/,,Greator,106.000,2.004,28,,,
TRUE,https://www.instagram.com/greator/reel/CM9VF04iGoB/,,Greator,106.000,3.089,97,,,
TRUE,https://www.facebook.com/reel/842506477900044,,Meet Your Master,106.000,520,51,10,,
TRUE,https://youtube.com/shorts/qMXac5s0WIc,,Meet Your Master,105.276,1.926,17,,,
TRUE,https://www.instagram.com/reel/DAyuBiChq_Q/,,Finanzfluss,105.214,1.060,13,0,,
TRUE,https://youtube.com/shorts/FgOSw4m-njg,,Greator,105.091,4.244,37,,,
TRUE,https://www.instagram.com/reel/C-fp6IVJI33/,,Finanzfluss,105.019,1.216,37,0,,
TRUE,https://www.instagram.com/greator/reel/Cxs0rf-KqwK/,,Greator,105.000,968,23,,,
TRUE,https://www.instagram.com/greator/reel/ChFPo0AoyRF/,,Greator,105.000,1.012,22,,,
TRUE,https://www.instagram.com/fuat_marta/reel/C-0QBqCNtOC/,,Fuat & Marta,105.000,1.762,24,,,
TRUE,https://youtube.com/shorts/sS14KK56KDw,,Finanzfluss,104.740,2.225,100,,,
TRUE,https://www.tiktok.com/@fuat_marta/video/7216733142357396742,,Fuat & Marta,104.600,4.701,144,722,1.043,
TRUE,https://www.instagram.com/greator/reel/C74R1kvoTRb/,,Greator,104.000,1.706,34,,,
TRUE,https://www.instagram.com/greator/reel/C1hjDnHNioI/,,Greator,104.000,944,17,,,
TRUE,https://www.instagram.com/greator/reel/CnFQi_bMbJr/,,Greator,104.000,2.007,14,,,
TRUE,https://www.facebook.com/reel/728483428693175,,Meet Your Master,104.000,1.032,28,39,,
TRUE,https://www.facebook.com/reel/350243910897842,,Meet Your Master,104.000,134,1,5,,
TRUE,https://www.instagram.com/reel/C_xeqB6pOvU/,,Finanzfluss,103.987,707,23,0,,
TRUE,https://www.tiktok.com/@finanzfluss_official/video/7412294941789015328,,Finanzfluss,103.700,2.896,42,,,
TRUE,https://www.instagram.com/reel/DAgZWZAy7kj/,,Finanzfluss,103.589,980,14,2,,
TRUE,https://www.tiktok.com/@greator/video/7230092260254190853,,Greator,103.500,1.630,59,125,512,
TRUE,https://www.tiktok.com/@rafaelbettencourt2/video/7193007256688987398,,Rafael Bettencourt,103.300,2.488,55,119,943,
TRUE,https://youtube.com/shorts/DsMOFTTbR9I,,Finanzfluss,103.261,3.607,82,,,
TRUE,https://www.instagram.com/reel/DA-50ijMlVP/,,Finanzfluss,103.221,885,3,0,,
TRUE,https://www.tiktok.com/@fuat_marta/video/7271653951966088481,,Fuat & Marta,103.200,4.216,22,178,858,
TRUE,https://www.instagram.com/reel/C_s5HB2h11V/,,Finanzfluss,103.003,946,25,0,,
TRUE,https://www.instagram.com/meetyourmaster.de/reel/C8bsvJwofEK/,,Meet Your Master,103.000,275,140,,,
TRUE,https://www.tiktok.com/@fuat_marta/video/7285392276807748896,,Fuat & Marta,102.800,3.461,299,776,920,
TRUE,https://youtube.com/shorts/71YfOLxceVA,,Finanzfluss,102.332,2.643,191,,,
TRUE,https://www.instagram.com/greator/reel/C9pkSQUq763/,,Greator,102.000,1.271,38,,,
TRUE,https://youtube.com/shorts/oK-h1KUMJpc,,Finanzfluss,101.979,1.811,146,,,
TRUE,https://www.tiktok.com/@rafaelbettencourt2/video/7257932081651518747,,Rafael Bettencourt,101.900,7.568,91,180,3.098,
TRUE,https://www.instagram.com/p/C0pAoIftQen,,Lea Ernst,101.600,832,28,,,
TRUE,https://www.instagram.com/reel/DCei3FRpNJ3/,,Finanzfluss,101.498,740,7,0,,
TRUE,https://youtube.com/shorts/qeAIgEm9Yns,,Greator,101.107,3.659,31,,,
TRUE,https://www.instagram.com/greator/reel/C1SGUJ6tvAM/,,Greator,101.000,779,12,,,
TRUE,https://www.instagram.com/greator/reel/C0pAoIftQen/,,Greator,101.000,832,28,,,
TRUE,https://www.instagram.com/greator/reel/Cuw2pfHKMry/,,Greator,101.000,1.701,67,,,
TRUE,https://www.instagram.com/greator/reel/CmPL4YRq7G5/,,Greator,101.000,1.719,17,,,
TRUE,https://www.facebook.com/reel/893363842543037,,Greator,101.000,808,39,149,,
TRUE,https://www.instagram.com/silke.schaefer.astrologie/reel/C92cZfRMXsg/,,Silke Schäfer,101.000,3.369,45,,,
TRUE,https://www.tiktok.com/@greator/video/6827092834487700742,,Greator,100.900,15.300,717,794,2.329,
TRUE,https://www.instagram.com/reel/DCMoAn0Jb4c/,,Finanzfluss,100.897,1.329,20,9,,
TRUE,https://www.instagram.com/reel/C-0P9bONL49/,,Finanzfluss,100.864,876,15,1,,
TRUE,https://www.instagram.com/reel/C-iOaMFIsUb/,,Finanzfluss,100.812,1.438,17,2,,
TRUE,https://www.instagram.com/reel/DA35enzAGLj/,,Finanzfluss,100.734,833,14,1,,
TRUE,https://www.instagram.com/reel/DBo8Nq6tezt/,,Finanzfluss,100.537,926,11,3,,
TRUE,https://www.instagram.com/reel/DCzRMJoOLMr/,,Finanzfluss,100.411,1.030,12,1,,
TRUE,https://www.tiktok.com/@greator/video/7355519083892329760,,Greator,100.400,3.382,53,410,816,
TRUE,https://www.tiktok.com/@finanzfluss_official/video/7403305850187648289,,Finanzfluss,100.400,1.332,154,,,
TRUE,https://youtube.com/shorts/-aZsCcIkJlc,,Greator,100.228,4.207,51,,,
TRUE,https://www.instagram.com/greator/reel/DBQic2WIhVW/,,Greator,100.000,2.007,30,,,
TRUE,https://www.instagram.com/greator/reel/C1mssSEtC-Z/,,Greator,100.000,717,20,,,
TRUE,https://www.instagram.com/greator/reel/C0wroXTtPrc/,,Greator,100.000,1.243,21,,,
TRUE,https://www.instagram.com/greator/reel/CgZx_GduiNZ/,,Greator,100.000,2.054,28,,,
TRUE,https://www.tiktok.com/@greator/video/7254591930959416581,,Greator,100.000,1.724,21,131,288,
TRUE,https://www.instagram.com/meetyourmaster.de/reel/Cn31pfRo5ci/,,Meet Your Master,100.000,4.173,44,,,
TRUE,https://www.tiktok.com/@fuat_marta/video/7244935642885459205,,Fuat & Marta,100.000,3.451,22,205,607,
TRUE,https://www.tiktok.com/@fuat_marta/video/7236029568556092677,,Fuat & Marta,100.000,4.396,212,781,630,
TRUE,https://www.facebook.com/reel/326118130469699,,Fuat & Marta,100.000,639,20,57,,
TRUE,https://youtube.com/shorts/JNA3TN2xFNQ,,Finanzfluss,99.574,2.281,29,,,
TRUE,https://www.tiktok.com/@fuat_marta/video/7261263337755823387,,Fuat & Marta,99.100,2.688,11,77,412,
TRUE,https://www.tiktok.com/@fuat_marta/video/7271282777876663584,,Fuat & Marta,99.000,3.339,28,79,662,
TRUE,https://youtube.com/shorts/pVJR7gy2jc8,,Finanzfluss,98.781,2.363,211,,,
TRUE,https://www.tiktok.com/@rafaelbettencourt2/video/7234141915606830342,,Rafael Bettencourt,98.300,2.601,33,111,1.031,
TRUE,https://www.tiktok.com/@fuat_marta/video/7385948073882651937,,Fuat & Marta,98.300,1.646,72,223,311,
TRUE,https://www.tiktok.com/@fuat_marta/video/7388546215513705760,,Fuat & Marta,98.200,3.698,74,827,963,
TRUE,https://www.instagram.com/silke.schaefer.astrologie/reel/DAThEUgvVb2/,,Silke Schäfer,98.100,5.268,60,,,
TRUE,https://www.facebook.com/reel/351311184444222,,Meet Your Master,98.000,1.000,127,72,,
TRUE,https://www.tiktok.com/@meetyourmaster.de/video/7363683038628154657,,Meet Your Master,98.000,1.494,27,,,
TRUE,https://youtube.com/shorts/QQ6H7iXYiMc,,Greator,97.941,4.157,48,,,
TRUE,https://www.instagram.com/meetyourmaster.de/reel/C1cZel7NrC6/,,Meet Your Master,97.700,1.238,102,,,
TRUE,https://www.tiktok.com/@finanzfluss_official/video/7401155439964212513,,Finanzfluss,97.700,2.371,47,,,
TRUE,https://www.instagram.com/meetyourmaster.de/reel/C8KTY9YBcNS/,,Meet Your Master,97.400,1.398,16,,,
TRUE,https://youtube.com/shorts/-RxLa2uBYb8,,Finanzfluss,96.825,3.408,52,,,
TRUE,https://www.tiktok.com/@fuat_marta/video/7179284443717176581,,Fuat & Marta,96.500,2.101,80,183,682,
TRUE,https://youtube.com/shorts/DUtQd7ruJ8s,,Finanzfluss,96.094,2.298,45,,,
TRUE,https://youtube.com/shorts/R9OgwnD4KfA,,Greator,95.929,4.034,51,,,
TRUE,https://www.tiktok.com/@fuat_marta/video/7423426985143176480,,Fuat & Marta,95.900,2.557,77,1.003,1.101,
TRUE,https://www.tiktok.com/@fuat_marta/video/7191530246552734981,,Fuat & Marta,95.300,6.367,107,344,2.291,
TRUE,https://www.tiktok.com/@finanzfluss_official/video/7414895634643209504,,Finanzfluss,94.700,2.552,107,,,
TRUE,https://www.facebook.com/reel/622578389953499,,Greator,94.000,219,23,5,,
TRUE,https://www.instagram.com/silke.schaefer.astrologie/reel/C1zkm_itfWj/,,Silke Schäfer,93.700,3.401,65,,,
TRUE,https://youtube.com/shorts/fz1N5RxxIgI,,Finanzfluss,92.696,2.370,154,,,
TRUE,https://www.instagram.com/meetyourmaster.de/reel/CyqjQvJobZN/,,Meet Your Master,92.100,1.052,17,,,
TRUE,https://www.tiktok.com/@fuat_marta/video/7235658507410771205,,Fuat & Marta,92.100,3.643,68,220,872,
TRUE,https://youtube.com/shorts/JRQqgeiCbkg,,Finanzfluss,91.159,2.041,50,,,
TRUE,https://youtube.com/shorts/rlcvpcdWCCI,,Finanzfluss,90.121,2.310,72,,,
TRUE,https://www.facebook.com/reel/1201909294468026,,Fuat & Marta,90.000,960,11,66,,
TRUE,https://youtube.com/shorts/yueimIeNrMA,,Finanzfluss,89.953,2.153,70,,,
TRUE,https://youtube.com/shorts/ZyV8Tgj7V1A,,Finanzfluss,89.250,1.993,73,,,
TRUE,https://www.tiktok.com/@meetyourmaster.de/video/7276106911697702176,,Meet Your Master,89.100,3.608,38,,,
TRUE,https://youtube.com/shorts/2Iui2nrl-EQ,,Finanzfluss,88.517,1.984,44,,,
TRUE,https://www.tiktok.com/@fuat_marta/video/7303637092398009633,,Fuat & Marta,88.100,2.467,56,256,631,
TRUE,https://www.tiktok.com/@rafaelbettencourt2/video/7265724632332766496,,Rafael Bettencourt,88.000,1.542,33,24,439,
TRUE,https://www.tiktok.com/@rafaelbettencourt2/video/7236771764263505157,,Rafael Bettencourt,88.000,3.025,30,176,980,
TRUE,https://www.instagram.com/silke.schaefer.astrologie/reel/DBjWtryqo19/,,Silke Schäfer,87.700,3.213,89,,,
TRUE,https://youtube.com/shorts/XxjmE_fDV1E,,Finanzfluss,87.422,2.045,59,,,
TRUE,https://www.tiktok.com/@fuat_marta/video/7240482610839932165,,Fuat & Marta,87.100,3.558,30,287,831,
TRUE,https://www.tiktok.com/@fuat_marta/video/7394112944222522656,,Fuat & Marta,86.900,1.857,65,244,501,
TRUE,https://www.tiktok.com/@fuat_marta/video/7343319697019964704,,Fuat & Marta,86.800,3.180,158,486,473,
TRUE,https://youtube.com/shorts/pOKhNZrSyio,,Finanzfluss,86.404,2.795,77,,,
TRUE,https://youtube.com/shorts/pWnHnNShMM8,,Greator,86.311,3.119,113,,,
TRUE,https://www.instagram.com/silke.schaefer.astrologie/reel/DCCWaKViqw7/,,Silke Schäfer,86.200,4.400,90,,,
TRUE,https://www.instagram.com/silke.schaefer.astrologie/reel/DCWN4a5RWVO/,,Silke Schäfer,86.100,4.497,128,,,
TRUE,https://youtube.com/shorts/k8zc6-PpsIE,,Finanzfluss,85.126,1.537,430,,,
TRUE,https://www.facebook.com/reel/444366685232874,,Meet Your Master,85.000,314,3,3,,
TRUE,https://www.tiktok.com/@fuat_marta/video/7259779148443372827,,Fuat & Marta,85.000,2.335,20,140,478,
TRUE,https://www.facebook.com/reel/513105504500246,,Fuat & Marta,85.000,601,16,20,,
TRUE,https://www.facebook.com/reel/420765050982835,,Fuat & Marta,85.000,666,18,38,,
TRUE,https://www.instagram.com/silke.schaefer.astrologie/reel/DA0_xhjoZZK/,,Silke Schäfer,84.900,3.871,46,,,
TRUE,https://youtube.com/shorts/qVmDdpioR8g,,Greator,84.502,4.449,115,,,
TRUE,https://youtube.com/shorts/qVmDdpioR8g,,Greator,84.502,4.449,115,,,
TRUE,https://www.tiktok.com/@fuat_marta/video/7241967052225907973,,Fuat & Marta,83.800,4.638,14,277,1.024,
TRUE,https://www.tiktok.com/@fuat_marta/video/7420458820192767264,,Fuat & Marta,83.400,2.580,26,384,1.021,
TRUE,https://youtube.com/shorts/dQskeiYxfmk,,Finanzfluss,82.559,1.910,44,,,
TRUE,https://youtube.com/shorts/BGlM2gT82es,,Finanzfluss,82.462,1.473,156,,,
TRUE,https://www.tiktok.com/@meetyourmaster.de/video/7318054985290304801,,Meet Your Master,82.400,1.832,26,,,
TRUE,https://www.tiktok.com/@meetyourmaster.de/video/7310285875764546848,,Meet Your Master,82.000,4.022,33,,,
TRUE,https://www.tiktok.com/@rafaelbettencourt2/video/7093913241625087238,,Rafael Bettencourt,82.000,5.381,82,274,1.366,
TRUE,https://www.tiktok.com/@fuat_marta/video/7187077221557734661,,Fuat & Marta,82.000,4.490,38,405,1.536,
TRUE,https://youtube.com/shorts/zUejBSvKIYs,,Greator,81.660,3.309,89,,,
TRUE,https://www.tiktok.com/@meetyourmaster.de/video/7292805723103284512,,Meet Your Master,81.200,4.047,23,,,
TRUE,https://www.instagram.com/silke.schaefer.astrologie/reel/DBtvurKh3WM/,,Silke Schäfer,81.200,4.180,94,,,
TRUE,https://youtube.com/shorts/1JHKJqbFYpk,,Finanzfluss,80.996,1.463,104,,,
TRUE,https://www.instagram.com/silke.schaefer.astrologie/reel/C3qE2XetnO_/,,Silke Schäfer,80.800,3.995,77,,,
TRUE,https://youtube.com/shorts/nypSYBJk0v8,,Finanzfluss,80.742,1.618,68,,,
TRUE,https://youtube.com/shorts/CP21mcNQKZk,,Finanzfluss,80.653,1.618,151,,,
TRUE,https://www.tiktok.com/@finanzfluss_official/video/7437540815217478944,,Finanzfluss,80.400,1.161,30,,,
TRUE,https://www.tiktok.com/@meetyourmaster.de/video/7273084490858253600,,Meet Your Master,80.300,1.931,11,,,
TRUE,https://youtube.com/shorts/w2mOHO0SqLY,,Finanzfluss,80.095,2.569,37,,,
TRUE,https://www.facebook.com/reel/1078273754300407,,Fuat & Marta,80.000,498,25,26,,
TRUE,https://www.tiktok.com/@meetyourmaster.de/video/7366652974308936993,,Meet Your Master,79.900,2.709,16,,,
TRUE,https://www.facebook.com/reel/355801743863115,,Fuat & Marta,79.000,1.742,89,802,,
TRUE,https://www.instagram.com/fuat_marta/reel/DA8u_IYtJw6/,,Fuat & Marta,78.500,1.091,7,,,
TRUE,https://youtube.com/shorts/4c6RzDLpPVc,,Finanzfluss,77.444,2.562,198,,,
TRUE,https://youtube.com/shorts/q0G6F5teZ-A,,Greator,77.276,2.914,93,,,
TRUE,https://www.tiktok.com/@rafaelbettencourt2/video/7237150958222986502,,Rafael Bettencourt,76.500,3.804,102,350,888,
TRUE,https://www.tiktok.com/@meetyourmaster.de/video/7281302074678168864,,Meet Your Master,76.400,3.066,31,,,
TRUE,https://www.instagram.com/raffabet/reel/C9SdPUbsZOD/,,Rafael Bettencourt,75.600,499,20,,,
TRUE,https://www.instagram.com/gereonjoern/reel/C6_oujKpEkm/,,Gereon Jörn,74.900,2.172,39,,,
TRUE,https://www.instagram.com/silke.schaefer.astrologie/reel/C_I2ai6BZ9Q/,,Silke Schäfer,73.000,3.948,64,,,
TRUE,https://www.facebook.com/reel/1219195109192078,,Fuat & Marta,73.000,454,9,20,,
TRUE,https://www.facebook.com/reel/422308203515079,,Meet Your Master,72.000,805,368,179,,
TRUE,https://www.instagram.com/raffabet/reel/CmcGO0xJ_1C/,,Rafael Bettencourt,70.700,1.355,18,,,
TRUE,https://www.tiktok.com/@potenzialwecken_by_gj/video/7361826977461914913,,Gereon Jörn,69.300,1.184,164,438,713,
TRUE,https://www.instagram.com/fuat_marta/reel/C-DURv-sge6/,,Fuat & Marta,68.200,691,2,,,
TRUE,https://www.instagram.com/gereonjoern/reel/C95BiJUMXAH/,,Gereon Jörn,67.500,587,37,,,
TRUE,https://www.instagram.com/silke.schaefer.astrologie/reel/DBa8j3IMYzf/,,Silke Schäfer,67.400,4.473,322,,,
TRUE,https://www.tiktok.com/@rafaelbettencourt2/video/7318434461488565536,,Rafael Bettencourt,66.500,4.165,233,833,1.424,
TRUE,https://www.tiktok.com/@rafaelbettencourt2/video/7318434461488565536,,Rafael Bettencourt,66.500,4.165,233,833,1.424,
TRUE,https://youtube.com/shorts/NFDfWJu-mLs,,Finanzfluss,66.130,2.366,350,,,
TRUE,https://www.tiktok.com/@potenzialwecken_by_gj/video/7408216869015948576,,Gereon Jörn,66.100,1.405,58,506,243,
TRUE,https://www.instagram.com/gereonjoern/reel/CrRFybzPem6/,,Gereon Jörn,64.800,714,5,,,
TRUE,https://www.instagram.com/meetyourmaster.de/reel/C_TJcggCP3g/,,Meet Your Master,64.400,17.800,24,,,
TRUE,https://www.instagram.com/fuat_marta/reel/DAd1BLCCc7B/,,Fuat & Marta,64.300,1.086,21,,,
TRUE,https://www.tiktok.com/@finanzfluss_official/video/7429358488746233121,,Finanzfluss,63.200,2.769,39,,,
TRUE,https://youtube.com/shorts/rJozxnNRfVM,,Meet Your Master,61.582,812,7,,,
TRUE,https://www.instagram.com/raffabet/reel/Cn5AUElAR1C/,,Rafael Bettencourt,61.400,1.133,32,,,
TRUE,https://youtube.com/shorts/0RbkwHCy8H4,,Greator,61.221,4.632,55,,,
TRUE,https://www.tiktok.com/@meetyourmaster.de/video/7291692464556084513,,Meet Your Master,60.700,5.370,12,,,
TRUE,https://www.tiktok.com/@silkeschaefer.astrologie/video/7321394700953406752,,Silke Schäfer,60.300,2.129,71,144,362,
TRUE,https://www.instagram.com/raffabet/reel/DAJN3dvqiiq/,,Rafael Bettencourt,60.000,2.722,103,,,
TRUE,https://www.instagram.com/fuat_marta/reel/DBWfa2GNWpU/,,Fuat & Marta,59.500,543,19,,,
TRUE,https://youtube.com/shorts/lEhSyLvFCPc,,Meet Your Master,59.423,1.013,22,,,
TRUE,https://www.instagram.com/fuat_marta/reel/DAtQSp2Mdb1/,,Fuat & Marta,59.200,660,13,,,
TRUE,https://www.instagram.com/fuat_marta/reel/C9z39CXvE-n/,,Fuat & Marta,58.800,927,16,,,
TRUE,https://www.tiktok.com/@rafaelbettencourt2/video/7195241124083076357,,Rafael Bettencourt,57.500,4.158,58,715,3.478,
TRUE,https://www.tiktok.com/@rafaelbettencourt2/video/7142907067945225477,,Rafael Bettencourt,56.300,6.351,72,178,2.425,
TRUE,https://www.facebook.com/reel/346833108113827,,Meet Your Master,55.000,781,22,46,,
TRUE,https://www.instagram.com/meetyourmaster.de/reel/C9-LZYEhddR/,,Meet Your Master,54.400,14.200,12,,,
TRUE,https://youtube.com/shorts/IhSyoyydk6s,,Greator,53.853,1.545,103,,,
TRUE,https://www.tiktok.com/@potenzialwecken_by_gj/video/7434205141357563169,,Gereon Jörn,53.700,1.841,149,518,888,
TRUE,https://www.instagram.com/reel/DBjWB23vS9b/,,Ten More In,52.200,3.500,60,123,,
TRUE,https://www.instagram.com/gereonjoern/reel/C_I2OjLOaxq/,,Gereon Jörn,52.100,954,3,,,
TRUE,https://youtube.com/shorts/fG8_5J6vATU,,Meet Your Master,51.257,1.312,22,,,
TRUE,https://www.instagram.com/fuat_marta/reel/DAv2PM9tAaA/,,Fuat & Marta,50.600,1.208,8,,,
TRUE,https://www.instagram.com/gereonjoern/reel/C-w36rPPI_Z/,,Gereon Jörn,50.300,1.236,29,,,
TRUE,https://www.instagram.com/gereonjoern/reel/C8zgY2gMA8H/,,Gereon Jörn,49.400,1.038,134,,,
TRUE,https://www.tiktok.com/@fuat_marta/video/7341433417122336032,,Fuat & Marta,49.200,2.568,118,604,896,
TRUE,https://youtube.com/shorts/q1Tj3Eqigb4,,Meet Your Master,49.081,1.384,86,,,
TRUE,https://www.instagram.com/raffabet/reel/CoaPEicgCDq/,,Rafael Bettencourt,47.200,1.890,44,,,
TRUE,https://www.instagram.com/silke.schaefer.astrologie/reel/DCo-WYJhzAK/,,Silke Schäfer,45.900,1.279,167,,,
TRUE,https://www.tiktok.com/@potenzialwecken_by_gj/video/7348112904509476129,,Gereon Jörn,45.400,586,13,33,202,
TRUE,https://www.instagram.com/gereonjoern/reel/C8UmmWTJD9J/,,Gereon Jörn,44.300,1.042,14,,,
TRUE,https://youtube.com/shorts/bqOm28U-0_s,,Rafael Bettencourt,41.653,1.942,45,,,
TRUE,https://www.tiktok.com/@silkeschaefer.astrologie/video/7296532063048469793,,Silke Schäfer,41.300,1.533,33,210,250,
TRUE,https://www.tiktok.com/@silkeschaefer.astrologie/video/7322136900154723616,,Silke Schäfer,40.500,2.092,68,158,415,
TRUE,https://youtube.com/shorts/qAVZWYb1dOA,,Meet Your Master,38.242,745,13,,,
TRUE,https://youtube.com/shorts/QvQSNHyg2-w,,Meet Your Master,38.026,1.205,49,,,
TRUE,https://www.tiktok.com/@silkeschaefer.astrologie/video/7306551360311414049,,Silke Schäfer,38.000,1.942,50,147,320,
TRUE,https://youtube.com/shorts/X6EUT8U-N4g,,Meet Your Master,37.562,759,11,,,
TRUE,https://www.instagram.com/meetyourmaster.de/reel/C-pB1AeICS9/,,Meet Your Master,36.100,534,180,,,
TRUE,https://www.instagram.com/meetyourmaster.de/reel/C-0P9tMCJ9x/,,Meet Your Master,35.500,1.427,426,,,
TRUE,https://www.tiktok.com/@silkeschaefer.astrologie/video/7297274203378552097,,Silke Schäfer,29.100,1.069,28,86,219,
TRUE,https://youtube.com/shorts/pVT6huQbm5w,,Meet Your Master,27.353,922,23,,,
TRUE,https://www.tiktok.com/@silkeschaefer.astrologie/video/7298016374624947489,,Silke Schäfer,25.900,1.035,27,118,181,
TRUE,https://youtube.com/shorts/Q1IfU1ksH4A,,Meet Your Master,24.092,630,5,,,
TRUE,https://youtube.com/shorts/XLGQ49xaLMw,,Meet Your Master,23.826,766,8,,,
TRUE,https://www.tiktok.com/@silkeschaefer.astrologie/video/7418232070239030561,,Silke Schäfer,22.700,1.222,41,199,309,
TRUE,https://youtube.com/shorts/kI9fI3AzXRA,,Meet Your Master,20.192,698,14,,,
TRUE,https://www.tiktok.com/@silkeschaefer.astrologie/video/7310641319494307105,,Silke Schäfer,18.300,1.197,33,117,222,